id,year,topic,top_terms,count,label_llm
2009:C0,2009,0,彼女;下;伝説;聖女;為る;来る;物語;一人;少女;魔術;師;魔法;使い;才能;最強;使う;皇太子;妃;居る;王妃;二;王子;王女;戦国;乱世;王立;忍者;村人;達;敵;有る;死ぬ;主人;創造;神;剣;筈;世界;魔獣;精霊;さん;為;魔物;一;迷宮,10,聖女の伝説と少女
2009:C1,2009,1,仕舞う;妹;為る;姉;無い;巫女;有る;婚約;解消;突然;私-代名詞;日;新婚;生活;絶世;美女;子爵;家;成る;伯爵;養子,3,姉妹の役割と存在
2009:C2,2009,2,ゲーム-game;ライフ-life;舞台;キャラクター-character;ライン-line;魔法;冒険,3,ゲームと人生の冒険
2009:C6,2009,6,日本;人;現代;有る;幽霊;世界,2,現代日本の幽霊観
2009:C8,2009,8,猫;為る;成る;姿,1,猫の存在と変化
2009:C10,2009,10,男;生まれる;貴族;為る;人;中年;男性;出会う,1,男の生涯と出会い
2009:C15,2009,15,!;アニメ-animation;読む;呉れる;?;ヒロイン-heroine;中;作画;勘弁,3,アニメとヒロインの魅力
2009:C29,2009,29,世界;生きる;人生;送る;生活;何;幕,1,世界での生き方
2010:C0,2010,0,女神;呼ぶ;魔王;打つ;領;有る;魔物;達;魔術;才能;マジック-magic;使う;魔力;量;魔法;為る;勇者;人物;集う;パーティー-party;メンバー-member;悪役;令嬢;前世;乙女;ゲーム-game;アナ-announcer;レディー-lady;ヒーロー-hero;中;選ぶ;彼;戦闘;討伐;世界;倒す;軍;不死;成る;呆気ない;死ぬ;不老;筈;覚める;見知る;不思議;少年;異;迷い込む;冒険;王太子;殿下;正妃;結婚;王子;姫;物語;フィクション-fiction;※;知識;魔境;学院;魔;石;特異;美形;クイーン-queen;王;様;貴族;因る;城,25,女神と魔王の戦い
2010:C1,2010,1,夫;愛する;私-代名詞;結婚;再婚;為る;婚約;浮気;恋愛;要素;嫉妬;どう,5,再婚と愛の再定義
2010:C2,2010,2,ゲーム-game;世界;有る;ライン-line;デス-death;為る,14,ゲームの世界と死
2010:C3,2010,3,学校;生活;独り暮らし;為る;高校;中学;卒業;有る;物語,3,高校生活の独り暮らし
2010:C4,2010,4,生きる;足掻く;命;辛々;死ぬ;仕舞う;逃げ出す;ダーク-dark,1,生きることの苦悩
2010:C5,2010,5,世界;暮らす;為る;姉;何;無い;両親;妹;居る;初恋;養子;憧れ;有る;子;自分;結婚,2,家族と世界の関係
2010:C6,2010,6,日本;人;有る;ファンタジー-fantasy;登場;人物;世界;魔術;剣,5,日本のファンタジー世界
2010:C8,2010,8,猫;成る;為る;事件;中;出会う;使い魔;奉公,3,猫と使い魔の出会い
2010:C12,2010,12,少年;物語;夢;希望;居る;日;書籍;生徒;達,1,少年の夢と希望
2010:C16,2010,16,魔物;蠢く;為る;ファンタジー-fantasy;世界;ロボット-robot;中世,1,中世ファンタジーとロボット
2010:C30,2010,30,中世;ヨーロッパ-europa;此の世;去る;世界;俺,1,中世ヨーロッパの世界観
2010:C56,2010,56,男;生まれる;紳士;歩む;彼;未熟;者,1,未熟な男の成長
2010:C57,2010,57,本編;番外;話;為る;内容;出来事;因る;編;此方,5,本編と番外の関係
2011:C0,2011,0,魔女;成る;少女;魔法;当たり前;職;剣;魔術;師;才能;世界;初級;公爵;令嬢;王子;結婚;婚約;令息;家;人;死ぬ;死;戻る;生きる;抜く;度;挽く;魔王;討伐;倒す;為る;軍;聖女;偽;有る;読む;事;皇太子;皇后;二;王太子;魔物;人間;為;迷宮;―;持つ;魔力;一緒;生徒;達;書籍;物語;御;貴族;社会;勇者;因る;殿下;人々;無双;蛮族;出会う;ドラゴン-dragon;竜;魂;転生;中世;ファンタジー-fantasy;神;知る;運命;様;殺す;主;士;私-代名詞;妖精;洞窟;中;大;オカルト-occult;魔獣;文鳥;動物;色々;魔境;使う;後;虹,45,魔女と少女の成長
2011:C2,2011,2,ゲーマー;ゲーム-game;世界;内;デス-death;小説;終わる;酷似;嵌まる;主人;本編,34,ゲームと死の交差点
2011:C3,2011,3,平凡;少女;学園;物語;彼女;学生;生活;少年;達;入学;学校;有る;授業;中;時代;クラス-class;毎,5,平凡な少女の学園生活
2011:C4,2011,4,人生;後悔;為る;無職;童貞;送る;死ぬ;仕舞う,2,人生の後悔と孤独
2011:C5,2011,5,28;歳;容姿;端麗;年下;幼馴染み;居る;一生,1,年下の幼馴染みとの恋
2011:C6,2011,6,現代;日本;元;世界;転移;彼;侵略,9,現代日本の世界転移
2011:C7,2011,7,才能;有る;貰う;スキル-skill;駆使;居る;力;苦難;乗り越える,3,才能とスキルの力
2011:C10,2011,10,男;生まれる;適当;生きる;世界;成り上がる;中年;男性;良い;暮らし,1,中年男性の生き方
2011:C11,2011,11,店員;社員;業;者;就職;アルバイト-arbeit,1,アルバイトと就職の関係
2011:C20,2011,20,為る;妹;キャラ-character;達;脇役;性格;攻略,3,脇役キャラの性格分析
2011:C32,2011,32,宇宙;進出;人類;時代;物語;五千;年;成る;地球,1,人類の宇宙進出の物語
2011:C33,2011,33,蹂躙;為る;サービス-service;終了;ギルド-guild;マスター-master;仲間;達;デッド-dead,1,仲間との絆と喪失
2011:C34,2011,34,有る;作者;小説;主人;都合;本;作品,12,作者の意図と作品
2011:C45,2011,45,叫ぶ;居る;母;何;俺;祖父;様;此処,1,家族の存在と叫び
2011:C69,2011,69,私-代名詞;人生;前世;世界;生まれ変わる;言う,4,私と前世の世界
2011:C74,2011,74,自暴;自棄;転移;者;被害;仕事;疲れる,1,自暴自棄の転移と影響
2012:C0,2012,0,現われる;女神;魔女;巫女;呼ぶ;姫;言う;世界;魔術;魔力;持つ;魔法;師;公爵;令嬢;王子;婚約;家;子爵;一;為る;才能;スキル-skill;有る;選ぶ;居る;使い;魔王;滅ぼす;救国;英雄;王国;王都;嘗て;勇者;自分;死ぬ;成る;王;達;聖女;偽;召喚;王女;結婚;王侯;貴族;妻;娶る;伝説;復活;仄々;ファンタジー-fantasy;ライフ-life;貰う;錬金;術;因る;城;少年;日;冒険;生活;帝国;此れ;前世;秘密;竜;ドラゴン-dragon;古;族;飛ばす;運命;神;信仰;※;書籍;育成;ゼロ-zero;無限;世;珍しい;無し;迷い込む;屈指;ゲーム-game;見知る;異;登,56,女神と魔女の象徴
2012:C1,2012,1,突然;婚約;どう;私-代名詞;悟る;成る;幼馴染み;有る;伯爵;男爵;家;彼女;知る;結婚;為る;妹;身代わり;ヒロイン-heroine;二;王子;兄弟;居る,3,婚約の突然な変化
2012:C2,2012,2,ゲーマー;居る;ゲーム-game;似る;世界;有る;乙女;ゲー-game;私-代名詞;キャラクター-character;関係;魔物;死ぬ;得る,34,ゲームの世界とゲーマー
2012:C3,2012,3,女子;高校;生;生活;美;少年;男子;生徒;居る;記憶;得る;頼り;放課;後;有る;教授;為る;教師;女王;様;悪役;令嬢;まったり;学園,6,高校生活と青春の葛藤
2012:C5,2012,5,幸せ;成る;恋人;彼氏;出来る;私-代名詞;幼馴染み;此れ;恋,1,幼馴染みとの恋愛
2012:C6,2012,6,中;コミック-comic;様;日本;国;!;アニメ-animation;コミカライズ;版;為る;古代;戻る;神話;時代;文明;崩壊,27,日本のコミックとアニメ
2012:C12,2012,12,歳;冒険;老後;頃;夢;若い;者;引退,1,若き日の夢と老後の冒険
2012:C25,2012,25,コンビニ-convenience;強盗;チート-cheat;貰う;居る;異,2,コンビニ強盗の心理
2012:C31,2012,31,人生;掛ける;俺;暮らす;世界;別;生き延びる;事,10,人生の選択と生き方
2012:C41,2012,41,人物;成る;嬢;様;女;異;生死;境;付く;私-代名詞,4,女性の存在とアイデンティティ
2012:C64,2012,64,独身;気侭;生活;為る;物語;感想;個別,1,独身生活の気侭さ
2012:C72,2012,72,宝石;http;:;挿し絵;ゴブリン-goblin;美形,2,美形ゴブリンの宝石物語
2012:C75,2012,75,僕;親友;唯一;友達;居る;死ぬ;仕舞う,1,親友との絆と死
2012:C78,2012,78,ヒロイン-heroine;妹;姉;為る;兄弟;転生;彼女;生活;末裔;有る,6,転生した兄弟の物語
2012:C82,2012,82,迷宮;都市;世界;大;洞窟;中,1,迷宮と都市の関係
2013:C0,2013,0,☆;小説;為;本編;魔王;成る;ファンタジア-fantasia;http;姫;達;美姫;妖精;彼女;人生;前世;日本;魔物;跋扈;?;迷宮;都市;世界;呼び出す;魔法;扱う;名門;放つ;目覚める;公爵;令嬢;家;王子;婚約;二;彼;勇者;無い;目;生;生きる;歳;死ぬ;聖;騎士;剣;英雄;中;強大;敵;巫女姫;聖女;女神;新しい;偽;一;皇太子;侯爵;人;少年;後;物語;時;ファンタジー-fantasy;転生;七;王国;王族;殿下;為る;妃;王太子;有る;ドラゴン-dragon;竜;族;言う;才能;大;冒険;活劇;ゾンビ-zombie;謎;社;モンスター-monster;挑む;探索;潜る;国王,103,魔王の成長物語
2013:C1,2013,1,夫;愛する;婚姻;結ぶ;私-代名詞;結婚;為る,1,愛と婚姻の関係
2013:C2,2013,2,ゲーム-game;機;居る;為;仮想;為る;アナ-announcer;ヒロイン-heroine;有る;リリー-lily;乙女;ライバル-rival;モブ;世界;ライフ-life;ゲー-game;言う;私-代名詞;死ぬ;人生;謳歌,61,仮想世界のゲーム体験
2013:C4,2013,4,人生;今度;生きる;思う;不尽;世界;住む;魂;呆気ない;死ぬ;為る;失意;生まれる;物語;人;反映;つ;旅立つ;悲劇;下さる;登場;自暴;自棄;転移;者;意図;為;スキル-skill;俺,13,人生と魂の探求
2013:C5,2013,5,美;少年;令嬢;御;?;女の子;幼馴染み;居る;僕;親友;祖父;様;両親;死;持つ;生まれる;寂しい;無い;結末;迎える,4,幼馴染と令嬢の恋
2013:C7,2013,7,スキル-skill;御;!;唯一;趣味;奮闘;物語;偽善,5,スキルと偽善の物語
2013:C8,2013,8,猫;為る;成る;姿;子猫,2,猫の存在と成長
2013:C9,2013,9,パーティー-party;追放;追い出す;リーダー-leader;元;者,1,パーティーの追放とリーダーシップ
2013:C11,2013,11,社員;会社;出勤;雇う;アルバイト-arbeit;職場,1,職場の雇用形態
2013:C42,2013,42,世界;女神;彼;選ぶ;為る;地球;物;信ずる;第;七,2,女神と地球の選択
2013:C52,2013,52,挫折;為る;突然;無能;勇者;様;幼馴染み;告白;少年;異,3,挫折と成長の物語
2013:C63,2013,63,生徒;達;学校;通う;物語;異;特異;能力;居る,4,特異能力を持つ生徒たち
2013:C67,2013,67,前代;未聞;歳;異;私-代名詞;気;=;年齢;女,3,異なる視点の年齢観
2014:C0,2014,0,魔女;女;魔法;巫女;剣;姫;騎士;魔術;師;使い;呼ぶ;使う;効果;皇太子;殿下;二;王子;馬鹿;男爵;令嬢;秘める;才能;スキル-skill;貰う;支配;自身;力;前世;乙女;アリス-外国;転生;クイーン-queen;レディー-lady;勇者;嘗て;元;魔王;貴族;為る;不幸;人生;討伐;魔族;勢力;死ぬ;人;間;達;聖女;皇国;世界;対抗;王太子;大;王女;皇后;少年;幼馴染み;其れ;異;成る;物語;者;育成;召喚;儀式;邪神;聖職;王国;第;掛ける;七;魔;妃;公爵;家;神話;巻き込む;命;気侭;運命;神;有る;抗う;魂;魔獣;襲う;迷宮;出来る;ファンタジー-fantasy;他;邪竜,112,魔女と女性の力
2014:C1,2014,1,居る;弟;双子;妹;両親;兄弟;姉妹;婚約;破棄;下さる;出来る;嫁ぐ;来る;縁;切る;一緒;暮らす;恋;友情;御;互い;幼馴染み;再婚;因る;為る;違い;恋愛;要素;身分;妻;成る;王妃;歳;姉;侯爵;夫人,16,兄弟姉妹の絆
2014:C2,2014,2,居る;ゲーム-game;中;公;内;デス-death;悪役;前世;其れ;主人;名前;転生;君;有る;世界;落とす;隠しキャラ,42,ゲーム内の存在と死
2014:C3,2014,3,学生;生活;中学;時代;高校;学園;居る;教室;其処;クラスメート-classmate;ファンタジック;女子;生徒,9,学園生活の回想
2014:C4,2014,4,世界;放り込む;迷い込む;居る;人生;歩む;歳;現われる;私-代名詞;苦しめる;彼;死;リハビリ-rehabilitation;送る;迎える;事,7,人生の迷いと自己探求
2014:C5,2014,5,継母;家族;有る;侯爵;家;為る;伯母;二;王子;ヒロイン-heroine;妹;母;兄弟;居る;伯爵;neo;書籍,2,継母と家族の物語
2014:C6,2014,6,日本;有る;現代;因る;人;返る,18,現代日本のアイデンティティ
2014:C14,2014,14,運命;翻弄;成る;娘;俺;どう;今日;子;達,1,運命に翻弄される娘
2014:C15,2014,15,コミック-comic;next;1;様;漫画;ファンタジー-fantasy;乙女;キャラ-character,18,ファンタジー乙女漫画の魅力
2014:C36,2014,36,人格;性癖;優しい;少年;価値;観;世界;前世,2,前世と人格の探求
2014:C40,2014,40,同棲;アルバイト-arbeit;友人;退魔;師;作家,1,同棲と創作の葛藤
2015:C0,2015,0,魔族;少女;魔法;魔女;呪い;使い;使い手;魔術;師;有る;スキル-skill;為;王子;婚約;仕舞う;公爵;伯爵;令嬢;王立;前世;乙女;生きる;シンデレラ-cinderella;ストーリー-story;英雄;物語;レディー-lady;貧乏;貴族;彼;豊か;為る;領主;成る;貰う;勇者;遣る;魔王;人;能力;人間;軍;居る;聖女;召喚;偽;王道;恋愛;女王;王女;者;裏切る;中;少年;世界;迷宮;支配;事;国王;王国;第;様;王妃;三;小国;娶る;国;王太子;歳;冒険;因る;才能;養成;目覚める;知る;マジック-magic;公;謎;住人;竜;ドラゴン-dragon;神;殺す;其処;達;本当;,102,魔法少女と呪いの物語
2015:C1,2015,1,為る;妹;仕舞う;姉;両親;無い;婚約;破棄;解消;私-代名詞;成る;結婚;恋;恋愛;要素;ラブコメ-love;comedy;終わる;飼い殺す,7,姉妹の関係性
2015:C2,2015,2,私-代名詞;ゲーム-game;参加;居る;内;ゲー-game;言う;運命;前世;妹;自分;世界;令嬢,40,ゲーム内の自己表現
2015:C3,2015,3,生徒;居る;授業;中;クラス-class;有る;学園;達,5,学園の授業と生徒たち
2015:C5,2015,5,幼い;妹;継母;ラブストーリー;侯爵;家;姉;因る,1,家族と愛の葛藤
2015:C6,2015,6,日本;人;ストーリー-story;!;ユキムラ;世界;転移;平成,26,日本の異世界転移物語
2015:C7,2015,7,無い;スキル-skill;有る;持つ;居る;言う,8,スキルの有無と影響
2015:C8,2015,8,猫;為る;成る;獣人;キャラ-character;最強,2,猫と獣人の最強キャラ
2015:C10,2015,10,中年;男性;男;出会う;人;的;世界;発想,2,中年男性の出会いと発想
2015:C24,2015,24,!;コミック-comic;舎;ウォーカー-walker;巻;2018;2019,40,コミックの進化と影響
2015:C28,2015,28,上司;ラスボス-last;boss;社長;さん;御;相手,2,上司との関係性
2015:C38,2015,38,友達;成る;恋人;此れ;恋;クリスマス-christmas;有る;曰く,1,友達から恋人へ
2015:C43,2015,43,学園;内;性別;偽る;生徒;達;他;主義;者,2,学園内の性別偽装
2015:C51,2015,51,生き残る;事;自暴;自棄;失敗;人生;設計;挑戦;為る,2,挑戦と失敗の人生
2015:C61,2015,61,世界;飛び出す;家;出る;離宮;祖父;様;没落,1,没落と新たな世界
2015:C66,2015,66,生活;記;女神;ミス-mistake;世界;放り込む;通り魔;差す-他動詞;居る;化け物,8,生活と化け物の交錯
2015:C73,2015,73,老人;困惑;為る;事;戸惑う;部屋;中;転生;言う,1,老人の転生と戸惑い
2015:C88,2015,88,成る;女の子;男;彼女;彼;高校;腐;女子;有る;親友,3,高校生の友情と恋愛
2015:C89,2015,89,少年;英雄;下校;中;生徒;達;高校;級;スキル-skill,6,高校生の英雄譚
2016:C0,2016,0,魔女;為る;魔法;使い;世界;彼女;少女;奴隷;学校;古代;魔術;師;学院;王太子;妃;公爵;令嬢;王女;王国;王妃;勇者;仲間;魔王;戦う;パーティー-party;追い出す;事;異邦;人;者;冒険;スキル-skill;呉れる;思う;御;チート-cheat;其処;生活;人類;滅亡;共;死ぬ;仕舞う;加害;人間;打ち取る;魔導;王;言う;偽;聖女;成る;実;有る;次期;二;王子;男爵;少年;迷宮;挑む;為;姪;女;復讐;巫女;一人;能力;強力;魔物;異;クラスメート-classmate;達;クラス-class;転生;王位;継承;国王;殿下;溺れる;存在;感;目;居る;著作;神;因る;ドラゴン-d,124,魔女と少女の運命
2016:C1,2016,1,婚約;破棄;解消;元;私-代名詞;居る;男性;恋;為る;ラブコメ-love;comedy;思い;因る;仕舞う;離婚;者;結婚;男爵;家;後継;令嬢,7,婚約の破棄とその影響
2016:C2,2016,2,ゲー-game;世界;有る;ゲーム-game;居る;内;ヒロイン-heroine;シナリオ-scenario;未;乙女;攻略,48,ゲームの存在と世界
2016:C3,2016,3,生徒;居る;幼馴染み;美;高校;生活;学校;男子,13,高校生活と幼馴染みの美
2016:C6,2016,6,日本;歴史;人;現代;為る;本能;寺,21,現代日本の歴史的探求
2016:C8,2016,8,猫;姿;成る;子猫;為る,1,猫の成長と変化
2016:C11,2016,11,チート-cheat;有る;残業;為る;職場;名乗る;女性;契約,2,職場のチートと残業
2016:C14,2016,14,世界;乙女;運命;変える;小説;様;ゲーム-game;シナリオ-scenario;少女;何;私-代名詞;もう;失う;薄幸;人生;終わる,6,運命を変える少女の物語
2016:C16,2016,16,ロボット-robot;宇宙;人;公;魔法;為る;謎;人生;謳歌,4,ロボットと宇宙の謎
2016:C35,2016,35,初恋;思い出;幼馴染み;女の子;過去;戻る;後悔,1,初恋の思い出と後悔
2016:C54,2016,54,!;書籍;小説;家;ブック-book;様;発売;予定;ページ-page,42,書籍発売予定の小説
2016:C76,2016,76,少年;物語;目指す;記憶;喪失;器用;貧乏;彼;忘れる,1,記憶喪失の少年の物語
2016:C77,2016,77,魔物;討伐;暮れる;彼;大;賢者;成る;弱い;さ,3,賢者の成長と試練
2017:C0,2017,0,魔女;殺戮;者;不死;王;エルフ-elf;少女;使い魔;魔力;量;初級;魔法;知る;使う;異;二;王女;子爵;令嬢;公爵;家;プリンス-prince;前世;乙女;悪役;アナ-announcer;ヒロイン-heroine;クレア-外国;英雄;目指す;勇者;中;救国;成る;運命;大;罪人;他;魔王;持つ;軍;居る;間;聖女;選ぶ;有る;様;座;王妃;王太子;姫;君;貴族;男;妃;生;少年;失う;謎;声;化け物;洞窟;スキル-skill;剣;教える;授かる;授与;転生;王子;皇子;七;後;宮入り;殿下;三;婚約;世界;陣;言う;魔族;勢力;神々;其処;彼;?;陰陽;師;モンスター-monster;撃,134,魔女と不死の王
2017:C1,2017,1,為る;妹;仕舞う;両親;後輩;何故;彼女;娘;娶る;彼;結婚;事;君-代名詞;アレクシア-alexia;子爵;令嬢;私-代名詞;婚約;解消;どう;突然;伯爵;家;姉妹;兄弟;居る;天使;様,9,妹との関係性
2017:C2,2017,2,ゲーム-game;世界;居る;中;ゲーマー;其れ;少女;事;気付く;関係;乙女;生まれ変わる;大好き;酷似;私-代名詞;転生,45,ゲームの世界とゲーマー
2017:C3,2017,3,悪役;令嬢;まったり;学園;貴族;学院;入学;為る;教師,1,悪役令嬢の学園生活
2017:C4,2017,4,転移;者;独り暮らし;始める;普通;生きる;世界;否応;巻き込む,3,転移と孤独な生活
2017:C5,2017,5,異母;妹;継母;侯爵;令嬢;家;義弟,1,家族の絆と葛藤
2017:C6,2017,6,戦国;時代;帝国;為る;歴史;現代;日本;言う,14,戦国時代と現代日本
2017:C7,2017,7,外れる;スキル-skill;進化;外れ;世界;無い,16,スキルの進化と外れ
2017:C9,2017,9,最強;パーティー-party;追放;リーダー-leader;抜ける;元,19,パーティーの追放と再生
2017:C12,2017,12,青春;物語;幼少;頃;幼稚;園;夢;希望,5,幼少期の夢と希望
2017:C19,2017,19,無職;成る;再;就職;稼ぐ;金;コンビニ-convenience;年;世界,2,無職と再就職の葛藤
2017:C20,2017,20,脇役;キャラ-character;為る;物語;素敵;イラスト-illustration;エンジョイ-enjoy,1,脇役の魅力と物語
2017:C21,2017,21,歳;迎える;12;魔王;達;王宮;騎士;皇,2,12歳の魔王と王宮
2017:C37,2017,37,前世;不幸;今;生活;無い;世界;記憶;一寸,3,前世と現在の影響
2017:C50,2017,50,容姿;端麗;憧れ;的;無い;少女;ブラコン-brother;complex;妹;王都;学園,3,憧れの少女とブラコン
2017:C55,2017,55,最弱;冒険;さん;新人;謎;スキル-skill;発揮,4,最弱の冒険者の成長
2017:C60,2017,60,母;亡くなる;のんびり;暮らす;人生;一変;家;生まれる;私-代名詞,3,母の死と人生の変化
2017:C62,2017,62,発売;予定;!;コミック-comic;漫画;重版;決定,48,漫画の発売と重版
2017:C70,2017,70,結婚;生活;令嬢;婚約;夫;態度;妻;為る;未亡人,4,結婚と未亡人の生活
2017:C84,2017,84,前;死ぬ;命;断つ;為る;自殺;言う;運命;輪廻;転生,5,運命と輪廻の自殺
2017:C87,2017,87,高卒;優等;生;自;堕落;天使;ダンジョン;マスター-master,4,高卒の天使と堕落
2018:C0,2018,0,発売;為る;!;コミカライズ;文庫;魔剣;魔女;世界;女神;様;魔法;成る;魔物;使う;生まれる;魔力;魔術;師;量;才能;王子;婚約;公爵;令嬢;子爵;一;馬鹿;美女;少女;生まれ変わる;乙女;ゲーム-game;女優;シエラ-sierra;貴族;嵌める;人;運命;権;無い;暗殺;者;死者;魔王;軍;:;帝国;天王;支配;王国;内;聖女;召喚;言う;力;僧侶;騎士;目指す;皇后;美姫;相手;結婚;皇帝;日;王太子;好き;暮らす;行く;生活;ファンタジー-fantasy;妖怪;倒す;体力;学院;ゴブリン-goblin;追い掛ける;狩り;巣窟;スキル-skill;得る;仲間;勇者;学力;有る;王;,208,魔剣のコミカライズ
2018:C1,2018,1,姉妹;頃;両親;物語;様;彼女;一緒;嫁入り;私-代名詞;婚約;居る;結婚;決まる;嫁;さん;新婚;生活;恋;成就;惚れる;恋愛;要素;穏便;為る;貴族;娘;歳;誕生;子;自分;後妻;入る,15,姉妹の嫁入り物語
2018:C2,2018,2,ゲーム-game;機;私-代名詞;初心;世界;居る;シナリオ-scenario;無理;ゲー-game;転生;乙女,44,ゲームの世界と自己認識
2018:C3,2018,3,為;物語;教室;授業;中;日;書籍;教師;伯爵;令嬢;王都;学園;ディアナ;目指す;有る,7,教室の物語と教師
2018:C4,2018,4,人々;物語;のんびり;ライフ-life;始まる;二;人生;世界;住人;後悔;遣り直す;此れ;病;倒れる;為る;生;転生;超;貧乏;天涯;孤独;様;生活;私-代名詞,6,のんびりとした人生の物語
2018:C5,2018,5,ぽんこつ;少女;幼馴染み;居る;女の子;彼女;為る;好く;過ぎる,9,幼馴染みとの恋愛
2018:C6,2018,6,時;日本;主義;有る;現代;戦国;時代;世界,27,現代日本と戦国時代の主義
2018:C7,2018,7,無し;スキル-skill;所持;有る;為る;チート-cheat,9,スキルとチートの関係
2018:C9,2018,9,パーティー-party;追放;魔族;有る;元;盗賊,7,追放されたパーティーの逆襲
2018:C13,2018,13,後悔;為る;死後;居る;幼馴染み;俺;高校,1,高校時代の後悔
2018:C17,2018,17,継母;孤児;院;愛する;彼女;姉;因る;異母,3,異母姉妹の愛と孤独
2018:C27,2018,27,ヒロイン-heroine;出会う;選ぶ;ヒーロー-hero;他;攻略;ギルド-guild;追放,4,ヒロインとの出会いと選択
2018:C58,2018,58,御;隣り;子猫;住む;居る;遭遇;為る;トウキョウ,1,東京の隣人と子猫
2018:C68,2018,68,登場;人物;宇宙;人;?;世界;目覚める;主人;居る;異,1,異世界での目覚め
2018:C71,2018,71,美しい;妹;伯爵;令嬢;二;王子;家;妃;成る,1,美しい妹と王子たち
2018:C81,2018,81,粗筋;俺;上司;転職;仕舞う;何故;全て,2,転職と自己探求
2018:C85,2018,85,エミリア;花嫁;為る;リカ;数奇;運命;有る;ノア,4,運命に翻弄される花嫁
2018:C86,2018,86,人;見知り;生;男子;違い;戸惑う;青春;学園;生活,12,青春の戸惑いと成長
2019:C0,2019,0,魔女;為る;此れ;魔法;女神;呼ぶ;錬金;術士;魔術;才能;持つ;極める;師;マジック-magic;魔王;討伐;力;言う;邪神;倒す;軍;聖女;成る;偽;有る;様;新しい;皇太子;妃;王女;王妃;侯爵;令嬢;皇后;学院;成り上がる;物語;レベル-level;想像;以上;確率;術;為;能力;スキル-skill;他;人;貰う;帝国;貴族;皇帝;王子;王国;守る;殿下;二;陛下;御;頃;冒険;一人;迷宮;ダンジョン;攻略;神;名乗る;世界;戻る;後;居る;死亡;ドラゴン-dragon;達;来る;竜;事;意識;魔物;使い;魔力;無い;闇;精霊;私-代名詞;洞窟;存在;探索;者;発見;公爵;子爵;下級;,153,魔女と錬金術の神秘
2019:C1,2019,1,仕舞う;姉;達;無い;仲;悪い;為る;性格;恋;女性;人;気持ち;私-代名詞;付き合う;美;男子;婚約;破棄;解消;最愛;言う;嫌う;悟る;嫁探し;皇太子;妃;結婚;歳;女;子爵;家;成る;伯爵;公爵,27,姉妹の関係性の葛藤
2019:C2,2019,2,ゲーム-game;世界;此れ;遣る;内;ゲー-game;本編;中;転生;乙女;前世;プレー-play,71,ゲームの世界観
2019:C3,2019,3,女子;生徒;学校;一;高校;生活;孤立;為る;三;俺;幼馴染み;時代;人生;後悔;遣り直す;物語,34,高校生活の孤立
2019:C4,2019,4,此れ;人生;自暴;自棄;幕;生命;者;物語,1,人生の幕と物語
2019:C5,2019,5,俺;彼女;言う;美;此れ;恋;デレ;少女;幼馴染み;居る,11,幼馴染みとの恋愛
2019:C6,2019,6,現代;日本;人;有る;生まれ変わり;者;前世,17,日本人の生まれ変わり
2019:C7,2019,7,レア-rare;スキル-skill;最強;レベル-level;取得;為る,17,レアスキルの取得と成長
2019:C8,2019,8,猫;為る;黒猫;仄々;何とぞ;宜しく,3,猫との共生
2019:C9,2019,9,パーティー-party;追放;リーダー-leader;元;一員;結成,40,パーティーの結成と追放
2019:C18,2019,18,貴族;令嬢;孤児;物語;為る;育つ;私-代名詞;伯爵;家;養女;院;姉;二人;親戚,3,貴族令嬢と孤児の物語
2019:C19,2019,19,無職;成る;稼ぐ;事;業;者;為る;業界,4,無職と業界の変化
2019:C22,2019,22,アナ-announcer;腐;女子;乙女;ゲーム-game;リリー-lily;世界,18,アナウンサーと乙女ゲーム
2019:C23,2019,23,読者;日;コミカライズ;様;2021;9;/;24,35,コミカライズと読者の関係
2019:C39,2019,39,双子;妹;両親;伯爵;家;迫害;為る;達,2,双子と家族の迫害
2019:C44,2019,44,彼;学校;中;生徒;達;少年;スキル-skill;迫害;為る,6,学校での少年の迫害
2019:C47,2019,47,公爵;令嬢;王子;婚約;男爵;家;有る,32,恋愛と階級の葛藤
2019:C49,2019,49,私-代名詞;婚約;愛する;結婚;居る;浮気;新しい;恋;世界;恋愛,11,愛と浮気の新しい世界
2019:C59,2019,59,架空;存在;事;前世;絶滅;宇宙;船;人,3,架空の宇宙人と絶滅
2019:C65,2019,65,世界;生まれ変わる;得る;居る;!;豊か;為る,2,生まれ変わる世界の豊かさ
2019:C79,2019,79,馬鹿;王子;勇者;首;大;貴族;権力;者;武将;転生,11,転生した武将の逆襲
2019:C80,2019,80,彼;転生;因る;死亡;為る;人生;無い;幼馴染み;賢者;呼ぶ,2,転生と友情の物語
2020:C0,2020,0,魔術;士;魔法;才能;魔力;多い;使う;魔女;覇王;居る;物語;危険;人物;日本;人;戦国;時代;師;最強;初級;魔導;王太子;妃;公爵;令嬢;王子;婚約;皇太子;殿下;家;彼女;正体;生まれ変わる;絶世;美女;選ぶ;覇;唱える;魔物;狩り;女神;力;神;様;歴史;魔族;戦い;王;魔王;成る;軍;聖女;偽;結婚;末;王女;五;意;決して;私-代名詞;飛び下りる;自殺;人生;送る;者;裏切る;忍者;剣術;無い;育てる;少年;武術;皇帝;陛下;呼ぶ;事;王宮;二;三;為る;歳;冒険;ギルド-guild;追放;再;就職;職員;溜め込む;討伐;勇者;地球;帰還;軈て;ドラゴン-dragon;達;古;竜,150,魔術と魔法の才能
2020:C1,2020,1,妹;様;仕舞う;言う;御前;有る;姉;私-代名詞;結婚;女;婚約;為る;成る;恋;憧れる;話;婚姻;結ぶ;不倫;令嬢;エレン;アンナ;解消;破棄;過ぎる;突然;正妻;父;再婚;家;次女;子爵;母;亡くなる;奪う;ヒロイン-heroine;無い;男爵,37,姉妹の関係性
2020:C2,2020,2,成る;ゲーム-game;世界;有る;此れ;!;悪役;私-代名詞;死ぬ;中;人生;掛ける,21,ゲームの存在と意義
2020:C4,2020,4,転移;者;旅;出る;全て;絶望;スキル-skill;俺;為る,1,絶望の旅路
2020:C5,2020,5,居る;中学;頃;幼馴染み;学校;中;何処;私-代名詞;今日,8,幼馴染みとの再会
2020:C7,2020,7,外れる;スキル-skill;存在;有る;事;アイテム-item,19,スキルの存在と価値
2020:C8,2020,8,猫;成る;為る;鳴く;様;物語,1,猫の物語とその声
2020:C9,2020,9,パーティー-party;追放;最強;元;リーダー-leader;抜ける,31,パーティーの追放と再構築
2020:C10,2020,10,男;世界;人;因る;居る;達;様;転生,2,男たちの転生と世界
2020:C13,2020,13,中学;時代;振る;幼馴染み;仕舞う;高校;居る;失望;為る;事;後悔;告白;俺;思い出;自殺,7,幼馴染との失望と成長
2020:C17,2020,17,此れ;恋;女;らしい;様;奇麗;容姿;端麗;姉妹,6,姉妹の美しさと恋
2020:C26,2020,26,サバイバル-survival;生活;人生;遣り直す;過ごす;為;成る,3,サバイバルと人生の再構築
2020:C46,2020,46,社員;職場;オフィス-office;年下;金髪;美,2,年下社員との職場恋愛
2020:C48,2020,48,ゲーム-game;出る;恋愛;公;使う;令嬢;生まれ変わる,4,恋愛ゲームの新たな展開
2020:C53,2020,53,読む;方;改稿;版;掲載;予定;積り;書く;為る,18,改稿と掲載のプロセス
2020:C83,2020,83,無い;母;子供;居る;人生;満喫;運命;言う;シンデレラ-cinderella;ストーリー-story,4,運命と母の不在
