id,year,topic,top_terms,count
2009:0,2009,0,"ゲーム-game ライフ-life, ゲーム-game 舞台, ゲーム-game キャラクター-character, ライン-line ゲーム-game, 魔法 冒険",3
2009:1,2009,1,"！ アニメ-animation, 読む 呉れる, ？ ヒロイン-heroine, 中 作画, 勘弁 ！",3
2009:2,2009,2,"彼女 下, 伝説 聖女, 為る 彼女, 来る 物語, 一人 少女",3
2009:3,2009,3,"日本 人, 現代 日本, 有る 日本, 幽霊, 世界 日本",2
2009:4,2009,4,"魔術 師, 魔法 使い, 魔術 才能, 最強 魔術, 魔法 使う",2
2009:14,2009,14,"皇太子 妃, 居る 王妃, 二 王子, 皇太子, 王女",2
2009:15,2009,15,"世界 生きる, 人生 送る, 世界 生活, 何 生きる, 人生 幕",1
2009:17,2009,17,"仕舞う 妹, 為る 妹, 為る 姉, 無い 姉, 巫女 有る",1
2009:21,2009,21,"戦国 乱世, 王立, 忍者, 村人 達, 敵 有る",1
2009:26,2009,26,"死ぬ 主人, 創造 神, 剣 魔法, 筈 神, 世界 剣",1
2009:38,2009,38,"猫 為る, 為る 猫, 猫 成る, 猫 姿, 猫",1
2009:40,2009,40,"魔獣, 精霊 さん, 為 魔物, 魔法 一, 迷宮 迷宮",1
2009:46,2009,46,"婚約 解消, 突然 婚約, 私-代名詞 婚約, 有る 婚約, 日 婚約",1
2009:47,2009,47,"新婚 生活, 絶世 美女, 子爵 家, 成る 伯爵, 養子",1
2009:51,2009,51,"男 生まれる, 貴族 男, 為る 人, 中年 男性, 男 出会う",1
2010:0,2010,0,"ゲーム-game 世界, 有る ゲーム-game, ライン-line ゲーム-game, デス-death ゲーム-game, 為る ゲーム-game",14
2010:1,2010,1,"本編 番外, 話 本編, 為る 内容, 出来事 因る, 編 此方",5
2010:2,2010,2,"女神 呼ぶ, 魔王 打つ, 魔王 領, 有る 魔王, 魔物 達",4
2010:3,2010,3,"日本 人, 有る ファンタジー-fantasy, 登場 人物, 世界 魔術, 有る 剣",5
2010:4,2010,4,"魔術 才能, マジック-magic, 魔術 使う, 魔力 量, 魔法 使う",1
2010:6,2010,6,"為る 勇者, 人物 達, 集う, パーティー-party メンバー-member, メンバー-member",1
2010:8,2010,8,"悪役 令嬢, 前世 乙女, ゲーム-game 悪役, アナ-announcer, レディー-lady",1
2010:9,2010,9,"学校 生活, 独り暮らし 為る, 高校 生活, 中学 卒業, 有る 物語",3
2010:10,2010,10,"ヒーロー-hero, 勇者 中, 選ぶ 勇者, 彼 戦闘, 為る ヒーロー-hero",3
2010:11,2010,11,"魔王 討伐, 勇者 魔王, 世界 魔王, 魔王 倒す, 魔王 軍",1
2010:15,2010,15,"不死 成る, 呆気ない 死ぬ, 不老 不死, 死ぬ 筈, 覚める 見知る",2
2010:16,2010,16,"不思議 世界, 少年 異, 有る 少年, 世界 迷い込む, 世界 冒険",3
2010:17,2010,17,"世界 暮らす, 為る 姉, 何 世界, 無い 姉, 両親 妹",1
2010:18,2010,18,"夫 愛する, 私-代名詞 結婚, 再婚, 結婚 為る, 私-代名詞 婚約",2
2010:19,2010,19,"少年 物語, 夢 希望, 少年 居る, 日 書籍, 生徒 達",1
2010:23,2010,23,"王太子 殿下, 正妃 成る, 結婚 為る, 王子, 姫 有る",3
2010:25,2010,25,"結婚 為る, 浮気, 恋愛 要素, 嫉妬, 私-代名詞 どう",3
2010:26,2010,26,"魔物 蠢く, 為る 魔物, ファンタジー-fantasy 世界, ロボット-robot, 中世 ファンタジー-fantasy",1
2010:31,2010,31,"世界 魔王, 物語 フィクション-fiction, 世界 前世, ※ 物語, 前世 知識",2
2010:33,2010,33,"生きる 足掻く, 命 辛々, 死ぬ 仕舞う, 辛々 逃げ出す, ダーク-dark",1
2010:35,2010,35,"中世 ヨーロッパ-Europa, 此の世, 此の世 去る, 世界 俺, ヨーロッパ-Europa",1
2010:38,2010,38,"猫 成る, 為る 事件, 中 出会う, 使い魔, 奉公",3
2010:41,2010,41,"魔境, 魔術 学院, 魔 石, 特異, 美形",2
2010:43,2010,43,"クイーン-queen, 王 様, 為る 貴族, 因る 城, 呼ぶ 王",2
2010:47,2010,47,"居る 初恋, 養子, 憧れ 有る, 子 自分, 結婚 為る",1
2010:51,2010,51,"男 生まれる, 紳士, 歩む 男, 男 彼, 未熟 者",1
2011:0,2011,0,"ゲーマー, ゲーム-game 世界, ゲーム-game 内, デス-death ゲーム-game, 小説 ゲーム-game",28
2011:1,2011,1,"有る 作者, 小説 主人, 作者, 作者 都合, 本 作品",12
2011:2,2011,2,"魔女 成る, 魔女, 少女 魔法, 魔法 当たり前, 魔法 職",10
2011:3,2011,3,"現代 日本, 元 日本, 世界 転移, 彼 世界, 世界 侵略",9
2011:4,2011,4,"剣 魔法, 魔術 師, 魔術 才能, 魔法 世界, 初級 魔法",1
2011:5,2011,5,"公爵 令嬢, 王子 結婚, 王子 婚約, 公爵 令息, 公爵 家",2
2011:6,2011,6,"蹂躙 為る, サービス-service 終了, ギルド-guild マスター-master, 仲間 達, デッド-dead",1
2011:7,2011,7,"才能 有る, 貰う スキル-skill, スキル-skill 駆使, 居る 力, 苦難 乗り越える",3
2011:9,2011,9,"平凡 少女, 学園 物語, 彼女 物語, 学生 生活, 少年 達",4
2011:10,2011,10,"人 死ぬ, 死 戻る, 生きる 抜く, 度 死, 挽く 死ぬ",3
2011:11,2011,11,"魔王 討伐, 魔王 成る, 魔王 倒す, 為る 魔王, 魔王 軍",1
2011:12,2011,12,"聖女 成る, 偽 聖女, 聖女 有る, 為る 聖女, 読む 事",1
2011:13,2011,13,"ゲーム-game 終わる, ゲーム-game 酷似, ゲーム-game 嵌まる, ゲーム-game 主人, ゲーム-game 本編",6
2011:14,2011,14,"皇太子, 皇后, 二 王子, 王太子, 王子",2
2011:15,2011,15,"私-代名詞 人生, 前世 世界, 私-代名詞 生まれ変わる, 言う 私-代名詞, 私-代名詞 世界",4
2011:16,2011,16,"魔物 人間, 為 迷宮, ― 迷宮, 持つ 魔力, 一緒 魔王",4
2011:17,2011,17,"為る 妹, キャラ-character 達, 脇役, 性格 為る, 攻略 キャラ-character",3
2011:19,2011,19,"生徒 達, 成る 書籍, 物語 御, 貴族 社会, 勇者 因る",2
2011:20,2011,20,"28 歳, 容姿 端麗, 年下, 幼馴染み 居る, 一生",1
2011:21,2011,21,"学園 入学, 学校 有る, 授業 中, 学生 時代, クラス-class 毎",1
2011:23,2011,23,"王子 殿下, 皇太子 殿下, 王太子 殿下, 王子, 二 王子",2
2011:26,2011,26,"人々 物語, 世界 剣, 世界 無双, 蛮族, 世界 出会う",2
2011:27,2011,27,"ドラゴン-dragon, 竜 魂, 竜 転生, 人 竜, 中世 ファンタジー-fantasy",5
2011:28,2011,28,"神 因る, 知る 神, 運命 神, 神 様, 神 殺す",1
2011:30,2011,30,"迷宮 主, 為る 迷宮, 魔力, 魔法 士, 世界 ファンタジー-fantasy",1
2011:31,2011,31,"私-代名詞 魔王, 世界 魔王, 人 魔王, 妖精, 魔王 成る",5
2011:32,2011,32,"人生 後悔, 後悔 為る, 無職 童貞, 人生 送る, 死ぬ 仕舞う",2
2011:33,2011,33,"宇宙 進出, 人類 宇宙, 時代 物語, 五千 年, 成る 地球",1
2011:34,2011,34,"店員, 社員, 業 者, 就職, アルバイト-Arbeit",1
2011:35,2011,35,"叫ぶ, 居る 母, 何 俺, 祖父 様, 此処 居る",1
2011:36,2011,36,"洞窟 中, 洞窟, 大 迷宮, 迷宮, オカルト-occult",1
2011:40,2011,40,"魔獣, 有る 神, 文鳥, 動物 達, 色々 有る",1
2011:41,2011,41,"妖精, 魔境, 使う 魔力, 後 魔物, 虹",1
2011:49,2011,49,"自暴 自棄, 転移 者, 被害 者, 仕事 疲れる, 自暴",1
2011:51,2011,51,"男 生まれる, 適当 生きる, 世界 成り上がる, 中年 男性, 良い 暮らし",1
2012:0,2012,0,"ゲーマー, 居る ゲーム-game, ゲーム-game 似る, ゲーム-game 世界, ゲーム-game 有る",27
2012:1,2012,1,"中 コミック-comic, コミック-comic 様, 日本 国, ！ アニメ-animation, コミカライズ 版",17
2012:2,2012,2,"現われる 女神, 魔女, 巫女, 巫女 呼ぶ, 姫 言う",7
2012:3,2012,3,"為る 古代, 日本 戻る, 神話 時代, 文明 崩壊, 為る 日本",10
2012:4,2012,4,"世界 魔術, 魔力 持つ, 世界 魔力, 世界 魔法, 魔術 師",8
2012:5,2012,5,"公爵 令嬢, 王子 婚約, 公爵 家, 子爵 令嬢, 一 王子",2
2012:7,2012,7,"為る 才能, スキル-skill 有る, スキル-skill 選ぶ, 居る スキル-skill, 魔法 使い",2
2012:8,2012,8,"人物 成る, 嬢 様, 女 異, 生死 境, 付く 私-代名詞",4
2012:9,2012,9,"女子 高校, 高校 生, 高校 生活, 美 少年, 男子 生徒",3
2012:10,2012,10,"魔王 滅ぼす, 救国 英雄, 王国 王都, 嘗て 勇者, 自分 死ぬ",6
2012:11,2012,11,"勇者 魔王, 魔王 成る, 魔王 居る, 王 有る, 勇者 達",3
2012:12,2012,12,"聖女 成る, 偽 聖女, 聖女 召喚, 聖女 有る, 居る 聖女",2
2012:13,2012,13,"乙女 ゲー-game, 私-代名詞 ゲーム-game, ゲーム-game キャラクター-character, ゲーム-game 関係, 乙女 ゲーム-game",6
2012:14,2012,14,"王国 王女, 王子 結婚, 王侯 貴族, 王侯, 妻 娶る",5
2012:15,2012,15,"人生 掛ける, 俺 人生, 暮らす 世界, 世界 別, 生き延びる 事",10
2012:16,2012,16,"英雄 伝説, 魔王 復活, 仄々 ファンタジー-fantasy, 召喚 魔法, ファンタジー-fantasy ライフ-life",4
2012:17,2012,17,"ヒロイン-heroine 妹, 姉 為る, 兄弟 転生, 彼女 生活, 末裔 有る",6
2012:19,2012,19,"居る 記憶, 記憶 得る, 記憶 頼り, 放課 後, 有る 高校",2
2012:20,2012,20,"幸せ 成る, 恋人 成る, 彼氏 出来る, 私-代名詞 幼馴染み, 此れ 恋",1
2012:21,2012,21,"勇者 英雄, 貰う 勇者, 錬金 術, 因る 城, 少年 日",2
2012:24,2012,24,"歳 冒険, 老後, 頃 夢, 若い 頃, 者 引退",1
2012:25,2012,25,"独身, 気侭 生活, 為る 物語, 感想 個別, 生活 為る",1
2012:26,2012,26,"魔法 世界, 冒険 生活, 居る 帝国, 此れ 前世, 世界 秘密",5
2012:27,2012,27,"居る 竜, 有る 竜, 有る ドラゴン-dragon, 古 竜, 竜 族",1
2012:28,2012,28,"世界 飛ばす, 運命 神, 信仰 為る, ※ 書籍, 育成 為る",1
2012:30,2012,30,"魔力, 魔力 ゼロ-zero, 為る 無限, 世 珍しい, 才能 無し",3
2012:31,2012,31,"魔王 勇者, ドラゴン-dragon 魔王, 世界 迷い込む, 世界 屈指, ゲーム-game 神",3
2012:33,2012,33,"見知る 異, 登場 人物, 人間 らしい, 能力 無い, 死ぬ 目",1
2012:34,2012,34,"コンビニ-convenience 強盗, 強盗, チート-cheat 貰う, 居る 異, コンビニ-convenience",2
2012:36,2012,36,"迷宮 都市, 世界 迷宮, 迷宮, 大 迷宮, 洞窟 中",1
2012:41,2012,41,"宝石, http ：, 挿し絵, ゴブリン-goblin, 美形",2
2012:42,2012,42,"僕 親友, 唯一 友達, 親友 居る, 僕 死ぬ, 死ぬ 仕舞う",1
2012:43,2012,43,"王位 継承, 侯爵 夫人, クイーン-queen, 王位, 国王 陛下",1
2012:44,2012,44,"教授, 為る 教師, 女王 様, 悪役 令嬢, まったり 学園",1
2012:46,2012,46,"突然 婚約, どう 婚約, 私-代名詞 婚約, 悟る 婚約, 成る 婚約",1
2012:47,2012,47,"幼馴染み 有る, 成る 伯爵, 男爵 家, 彼女 知る, 結婚 為る",1
2012:48,2012,48,"妹 身代わり, 妹 婚約, ヒロイン-heroine 妹, 二 王子, 兄弟 居る",1
2012:50,2012,50,"世界 魔物, 私-代名詞 死ぬ, ゲーム-game 似る, 乙女 ゲーム-game, 得る 世界",1
2013:0,2013,0,"ゲーム-game 機, 居る ゲーム-game, 為 ゲーム-game, 仮想, 為る ゲーム-game",42
2013:1,2013,1,"☆ 小説, 為 本編, 魔王 成る, ファンタジア-fantasia, http",25
2013:2,2013,2,"姫 達, 美姫, 妖精 達, 妖精, 彼女 人生",8
2013:3,2013,3,"前世 日本, 魔物 跋扈, ？ 魔王, 迷宮 都市, 世界 呼び出す",19
2013:4,2013,4,"魔法 扱う, 魔法 名門, 世界 魔法, 魔法 放つ, 魔法 目覚める",10
2013:5,2013,5,"公爵 令嬢, 公爵 家, 王子 婚約, 二 王子, 王子",3
2013:6,2013,6,"パーティー-party 追放, パーティー-party 追い出す, パーティー-party リーダー-leader, 元 パーティー-party, 者 パーティー-party",1
2013:7,2013,7,"スキル-skill 御, ！ スキル-skill, 唯一 趣味, 奮闘 物語, 偽善",5
2013:8,2013,8,"アナ-announcer, ヒロイン-heroine 有る, リリー-lily アナ-announcer, 乙女 ゲーム-game, ヒロイン-heroine ライバル-rival",7
2013:10,2013,10,"彼 勇者, 勇者 無い, 目 生, 彼 生きる, 歳 死ぬ",4
2013:11,2013,11,"聖 騎士, 聖 剣, 英雄 達, 中 聖, 強大 敵",1
2013:12,2013,12,"巫女姫, 聖女 成る, 女神, 新しい 聖女, 偽 聖女",1
2013:13,2013,13,"ゲーム-game モブ, ゲーム-game 世界, ゲーム-game ライフ-life, 乙女 ゲーム-game, ゲー-game",9
2013:14,2013,14,"二 王子, 一 王子, 皇太子, 侯爵 令嬢, 王子",1
2013:15,2013,15,"人生 今度, 生きる 思う, 不尽 世界, 世界 住む, 魂",6
2013:16,2013,16,"人 少年, 後 物語, 時 魔法, 迷宮 都市, 物語 ファンタジー-fantasy",6
2013:18,2013,18,"夫 愛する, 婚姻 結ぶ, 私-代名詞 結婚, 婚姻, 結婚 為る",1
2013:19,2013,19,"生徒 達, 学校 通う, 物語 異, 特異 能力, 居る 学校",4
2013:20,2013,20,"美 少年, 令嬢 御, ？ 女の子, 幼馴染み 居る, 僕 親友",1
2013:21,2013,21,"挫折 為る, 突然 無能, 勇者 様, 幼馴染み 告白, 少年 異",3
2013:22,2013,22,"転生 王子, 王子, 七 王子, 成る 王国, 王族",4
2013:23,2013,23,"王子 殿下, 為る 王子, 王子 妃, 二 王子, 王太子 有る",1
2013:25,2013,25,"前代 未聞, 歳 異, 私-代名詞 気, ＝ 年齢, 女 異",3
2013:27,2013,27,"有る ドラゴン-dragon, 竜 人, 竜 族, ドラゴン-dragon, 竜 言う",4
2013:28,2013,28,"世界 女神, 彼 選ぶ, 為る 地球, 物 信ずる, 第 七",2
2013:30,2013,30,"魔法 世界, 魔法 才能, 剣 魔法, 妖精, 大 魔王",1
2013:31,2013,31,"ファンタジー-fantasy 世界, 冒険 活劇, ゾンビ-zombie, 世界 謎, 社 モンスター-monster",4
2013:32,2013,32,"呆気ない 死ぬ, 為る 失意, 生まれる 世界, 物語 人, 反映 為る",3
2013:33,2013,33,"つ 物語, 世界 旅立つ, 悲劇, 下さる 世界, 世界 登場",3
2013:34,2013,34,"社員, 会社 出勤, 雇う, アルバイト-Arbeit, 職場",1
2013:35,2013,35,"祖父 様, 両親 死, 持つ 生まれる, 寂しい 無い, 結末 迎える",3
2013:36,2013,36,"迷宮 挑む, 迷宮 探索, 迷宮 中, 迷宮 潜る, 大 迷宮",4
2013:37,2013,37,"公爵 令嬢, 国王 成る, 王太子, 王子, 侯爵 家",1
2013:38,2013,38,"猫 為る, 為る 猫, 猫 成る, 猫 姿, 子猫",2
2013:39,2013,39,"魔法 覚える, 魔術 師, 魔術 極める, 成る 魔法, 師 魔術",2
2013:40,2013,40,"魔獣, 行く 書籍, 精霊 さん, 鷲, 迷宮 迷宮",1
2013:41,2013,41,"魔力 枯渇, 魔境, 勇者 英雄, 使う 魔力, 魔力",1
2013:43,2013,43,"侯爵 夫人, 王位 継承, 男爵 家, 国王 陛下, クイーン-queen",1
2013:49,2013,49,"自暴 自棄, 転移 者, 意図, 生きる 為, スキル-skill 俺",1
2013:50,2013,50,"言う ゲーム-game, 私-代名詞 死ぬ, 乙女 ゲー-game, 人生 謳歌, ゲー-game",3
2013:51,2013,51,"貴族 男, 世界 ファンタジー-fantasy, 人 御, ファンタジー-fantasy 世界, 為る 日常",1
2014:0,2014,0,"居る ゲーム-game, ゲーム-game 中, 公 ゲーム-game, ゲーム-game 内, デス-death ゲーム-game",33
2014:1,2014,1,"コミック-comic next, コミック-comic 1, 様 漫画, ファンタジー-fantasy 乙女, キャラ-character",18
2014:2,2014,2,"魔女, 女 魔法, 巫女, 剣 姫, 姫 騎士",19
2014:3,2014,3,"日本 有る, 現代 日本, 因る 日本, 日本 人, 日本 返る",18
2014:4,2014,4,"魔術 師, 魔法 使い, 魔法 呼ぶ, 魔法 使う, 魔法 効果",14
2014:5,2014,5,"皇太子 殿下, 二 王子, 王子, 馬鹿 王子, 男爵 令嬢",6
2014:7,2014,7,"秘める 才能, スキル-skill 貰う, 魔法 支配, 使う スキル-skill, 自身 力",6
2014:8,2014,8,"前世 乙女, アリス-外国, 令嬢 転生, クイーン-queen, レディー-lady",12
2014:9,2014,9,"学生 生活, 中学 時代, 高校 生活, 学園 生活, 居る 学園",3
2014:10,2014,10,"勇者 嘗て, 元 魔王, 貴族 為る, 勇者 元, 不幸 人生",7
2014:11,2014,11,"魔王 討伐, 魔族 勢力, 魔王 死ぬ, 人 魔族, 間 魔王",8
2014:12,2014,12,"達 聖女, 皇国, 世界 勇者, 為る 勇者, 対抗 為る",2
2014:13,2014,13,"ゲーム-game 悪役, 前世 ゲーム-game, 其れ ゲーム-game, ゲーム-game 主人, ゲーム-game 名前",6
2014:14,2014,14,"王太子, 皇太子, 大 貴族, 王女, 皇后",1
2014:15,2014,15,"世界 放り込む, 迷い込む 居る, 人生 歩む, 歳 人生, 現われる 私-代名詞",6
2014:16,2014,16,"少年 前世, 少年 世界, 幼馴染み 其れ, 少年 異, 成る 物語",7
2014:17,2014,17,"居る 弟, 双子 妹, 両親 妹, 兄弟, 姉妹",2
2014:18,2014,18,"婚約 破棄, 下さる 婚約, 出来る 婚約, 嫁ぐ 来る, 縁 切る",9
2014:19,2014,19,"教室, 学園 其処, 居る クラスメート-classmate, ファンタジック, 女子 生徒",6
2014:20,2014,20,"一緒 暮らす, 恋 友情, 御 互い, 幼馴染み 居る, 再婚 因る",2
2014:21,2014,21,"者 育成, 召喚 儀式, 育成 為る, 邪神, 聖職",5
2014:22,2014,22,"転生 王子, 王国 第, 掛ける 魔王, 七 王子, 為る 魔",2
2014:23,2014,23,"王子 殿下, 王子 妃, 二 王子, 王子, 公爵 家",1
2014:25,2014,25,"為る 恋, 恋 為る, 違い 恋, 恋愛 要素, 身分 違い",2
2014:26,2014,26,"人 魔族, 神話, 巻き込む 命, 世界 剣, 気侭 人生",5
2014:28,2014,28,"運命 神, 物語 神, 有る 神, 運命 抗う, 魂 異",3
2014:30,2014,30,"魔獣 襲う, 大 魔王, 為る 迷宮, 出来る ファンタジー-fantasy, 他 魔王",5
2014:31,2014,31,"魔女 魔法, 世界 ファンタジー-fantasy, 成る 迷宮, 世界 魔王, 邪竜",1
2014:32,2014,32,"苦しめる, 彼 死, リハビリ-rehabilitation, 人生 送る, 迎える 事",1
2014:33,2014,33,"一流 冒険, 者 目指す, 登場 人物, 成る 世界, 物 人生",2
2014:34,2014,34,"同棲, アルバイト-Arbeit, 友人, 退魔 師, 作家",1
2014:35,2014,35,"運命 翻弄, 成る 娘, 俺 どう, 今日 娘, 子 達",1
2014:39,2014,39,"魔術 学校, 魔法 名門, 魔術 存在, 魔法 開発, 魔法 極める",3
2014:40,2014,40,"文鳥, 魔獣, コミック-comic 3, 日 コミック-comic, 世界 召喚",2
2014:43,2014,43,"公爵 令嬢, 侯爵 夫人, 王位 継承, クイーン-queen, 国王 陛下",1
2014:45,2014,45,"継母, 家族 有る, 侯爵 家, 為る 伯母, 二 王子",1
2014:47,2014,47,"妻 成る, 王妃 成る, 歳 婚約, 双子 姉, 侯爵 夫人",1
2014:48,2014,48,"ヒロイン-heroine 妹, 母 妹, 兄弟 居る, 伯爵 家, neo 書籍",1
2014:50,2014,50,"ゲーム-game 転生, ゲーム-game 君, ゲーム-game 有る, 世界 落とす, 隠しキャラ",3
2014:51,2014,51,"人格, 性癖, 優しい 少年, 価値 観, 世界 前世",2
2015:0,2015,0,"私-代名詞 ゲーム-game, ゲーム-game 参加, 居る ゲーム-game, ゲーム-game 内, ゲー-game",35
2015:1,2015,1,"！ コミック-comic, 舎 コミック-comic, コミック-comic ウォーカー-walker, 巻 2018, 巻 2019",40
2015:2,2015,2,"魔族 少女, 魔法 少女, 魔女 呪い, 魔女, 魔法 使い",22
2015:3,2015,3,"日本 人, ストーリー-story ！, ユキムラ, 世界 転移, 平成",26
2015:4,2015,4,"魔法 使い手, 魔術 師, 有る 魔法, 魔法 スキル-skill, 為 魔法",11
2015:5,2015,5,"王子 婚約, 仕舞う 公爵, 伯爵 令嬢, 令嬢 婚約, 王立",4
2015:7,2015,7,"無い スキル-skill, スキル-skill 有る, スキル-skill 持つ, 居る スキル-skill, 言う スキル-skill",8
2015:8,2015,8,"前世 乙女, 生きる 少女, シンデレラ-Cinderella ストーリー-story, 英雄 物語, レディー-lady",7
2015:9,2015,9,"成る 女の子, 男 彼女, 彼 高校, 腐 女子, 有る 親友",3
2015:10,2015,10,"貧乏 貴族, 彼 前世, 豊か 為る, 領主 成る, 貰う 勇者",3
2015:11,2015,11,"遣る 魔王, 人 魔王, 魔王 能力, 人間 魔族, 魔王 軍",6
2015:12,2015,12,"居る 聖女, 聖女 成る, 聖女 有る, 聖女 召喚, 偽 聖女",1
2015:13,2015,13,"言う 運命, 前世 妹, 前世 自分, ゲーム-game 世界, 令嬢 私-代名詞",5
2015:14,2015,14,"居る 王子, 王道 恋愛, 女王, 王女, 者 裏切る",4
2015:15,2015,15,"生活 記, 女神 ミス-mistake, 世界 放り込む, 通り魔 差す-他動詞, 居る 化け物",8
2015:16,2015,16,"中 少年, 少年 世界, 為 迷宮, 為る 支配, 事 物語",6
2015:17,2015,17,"為る 妹, 仕舞う 妹, 為る 姉, 両親 妹, 無い 姉",2
2015:18,2015,18,"婚約 破棄, 婚約 解消, 私-代名詞 婚約, 成る 婚約, 私-代名詞 結婚",3
2015:19,2015,19,"少年 英雄, 下校 中, 生徒 達, 高校 生徒, 級 スキル-skill",6
2015:20,2015,20,"友達 成る, 恋人 成る, 此れ 恋, クリスマス-Christmas, 有る 曰く",1
2015:21,2015,21,"生徒 居る, 授業 中, クラス-class 有る, 学園 中, 生徒 達",5
2015:22,2015,22,"国王 有る, 王子 有る, 王国 第, 居る 王国, 貧乏 貴族",2
2015:23,2015,23,"様 王妃, 三 王子, 小国 王女, 娶る, 国 王太子",4
2015:24,2015,24,"歳 冒険, 因る 才能, 者 養成, スキル-skill 目覚める, 魔法 知る",5
2015:25,2015,25,"恋 為る, 恋愛 要素, ラブコメ-love comedy, 終わる 私-代名詞, 飼い殺す",2
2015:26,2015,26,"マジック-magic, 知る 冒険, 有る 魔族, 公 謎, 世界 住人",4
2015:27,2015,27,"居る 竜, 有る 竜, 有る ドラゴン-dragon, 為る 竜, ドラゴン-dragon",2
2015:28,2015,28,"神 殺す, 其処 神, 神 達, 本当 神, 魔力 有り余る",5
2015:30,2015,30,"一体 魔物, 魔法 目覚める, 迷宮 主, 強い 魔物, 周辺 魔物",6
2015:32,2015,32,"老人, 困惑 為る, 事 戸惑う, 部屋 中, 転生 言う",1
2015:34,2015,34,"上司, ラスボス-last boss, 社長, さん 御, 御 相手",2
2015:35,2015,35,"世界 飛び出す, 家 出る, 離宮, 祖父 様, 没落",1
2015:37,2015,37,"公爵 令嬢, 公爵 家, 王太子 婚約, 本 読む, 王族",1
2015:38,2015,38,"猫 為る, 猫 成る, 獣人, キャラ-character 成る, 最強 キャラ-character",2
2015:39,2015,39,"公 魔法, 魔法 使い, 魔術 士, 魔法 得る, 魔力 言う",3
2015:40,2015,40,"迷宮 中, 魔獣, 大 迷宮, 迷宮, 迷宮 迷宮",2
2015:41,2015,41,"行く 冒険, 追記 書籍, 女神 貰う, 人形 様, 魔力 無し",4
2015:44,2015,44,"学園 内, 性別 偽る, 生徒 達, 他 生徒, 主義 者",2
2015:45,2015,45,"幼い 妹, 継母, ラブストーリー, 侯爵 家, 姉 因る",1
2015:49,2015,49,"生き残る 事, 自暴 自棄, 失敗, 人生 設計, 挑戦 為る",2
2015:51,2015,51,"中年 男性, 中年 男, 出会う 人, 的 世界, 発想",2
2016:0,2016,0,"ゲー-game 世界, 有る ゲーム-game, 居る ゲーム-game, ゲーム-game 内, ゲー-game",45
2016:1,2016,1,"！ 書籍, 小説 家, ブック-book 様, 発売 予定, ページ-page",42
2016:2,2016,2,"魔女, 魔女 為る, 魔法 使い, 世界 彼女, 少女 奴隷",24
2016:3,2016,3,"日本 歴史, 日本 人, 現代 日本, 為る 日本, 本能 寺",21
2016:4,2016,4,"魔法 学校, 古代 魔法, 魔術 師, 魔法 学院, 魔法 使い",17
2016:5,2016,5,"王太子 妃, 公爵 令嬢, 王女, 王国 王女, 王妃",9
2016:6,2016,6,"勇者 仲間, 魔王 戦う, パーティー-party 追い出す, 事 魔王, 異邦 人",3
2016:7,2016,7,"者 冒険, スキル-skill 呉れる, スキル-skill 思う, スキル-skill 御, チート-cheat スキル-skill",11
2016:8,2016,8,"世界 乙女, 運命 変える, 小説 様, ゲーム-game シナリオ-scenario, 少女 何",3
2016:9,2016,9,"生徒 居る, 幼馴染み 美, 高校 生活, 学校 生活, 男子 生徒",13
2016:10,2016,10,"其処 生活, 人類 滅亡, 共 勇者, 死ぬ 仕舞う, 加害 者",10
2016:11,2016,11,"魔王 人間, 魔王 打ち取る, 魔導 王, 魔王 言う, 為る 魔王",14
2016:12,2016,12,"偽 聖女, 聖女 成る, 実 聖女, 聖女 有る, 為る 聖女",1
2016:13,2016,13,"ゲーム-game ヒロイン-heroine, ゲーム-game シナリオ-scenario, ゲーム-game 未, 乙女 ゲーム-game, ゲーム-game 攻略",3
2016:14,2016,14,"次期 王妃, 二 王子, 男爵 令嬢, 令嬢 聖女, 王太子",6
2016:15,2016,15,"私-代名詞 もう, 失う 私-代名詞, 私-代名詞 世界, 薄幸 少女, 人生 終わる",3
2016:16,2016,16,"成る 少年, 迷宮 挑む, 成る 迷宮, 為 迷宮, 為る 迷宮",2
2016:17,2016,17,"姪, 女 復讐, 巫女 有る, 巫女 為る, 死ぬ 一人",4
2016:18,2016,18,"婚約 破棄, 婚約 解消, 元 婚約, 私-代名詞 婚約, 居る 婚約",1
2016:19,2016,19,"少年 物語, 目指す 少年, 記憶 喪失, 器用 貧乏, 彼 忘れる",1
2016:21,2016,21,"魔王 能力, 強力 魔物, スキル-skill 異, クラスメート-classmate 達, 世界 クラス-class",5
2016:22,2016,22,"転生 王子, 王位 継承, 二 王子, 王子 為る, 国王 成る",2
2016:23,2016,23,"王子 殿下, 為る 王子, 王子, 王子 妃, 二 王子",1
2016:24,2016,24,"魔物 討伐, 暮れる 彼, 大 賢者, 賢者 成る, 弱い さ",3
2016:25,2016,25,"居る 男性, 恋 為る, 居る ラブコメ-love comedy, ラブコメ-love comedy, 思い 因る",3
2016:26,2016,26,"溺れる, 存在 感, 死ぬ 目, 居る 著作, 神 因る",3
2016:27,2016,27,"ドラゴン-dragon 達, ドラゴン-dragon, 竜, 竜 騎士, 所為 魔王",1
2016:28,2016,28,"運命 神, 神 因る, 神 殺す, 神 加護, 有る 神",1
2016:29,2016,29,"婚約 破棄, 婚約 解消, 仕舞う 婚約, 離婚, 離婚 為る",1
2016:31,2016,31,"魔物 退治, ！ 魔物, 吸血 鬼, 魔法 使い, 日 書籍",2
2016:33,2016,33,"ロボット-robot, 宇宙 人, 公 魔法, 為る 謎, 人生 謳歌",4
2016:34,2016,34,"チート-cheat 有る, 残業 為る, 職場, 名乗る 女性, 契約",2
2016:36,2016,36,"洞窟 中, 洞窟, 迷宮, 骸骨, 成る 物語",2
2016:37,2016,37,"公爵 令嬢, 監獄, 二 王子, 王子, 王宮",1
2016:38,2016,38,"猫 姿, 猫 成る, 子猫, 為る 猫, 猫",1
2016:39,2016,39,"魔法 伝説, 精霊 魔法, 治癒 魔法, 魔法 使う, 人間 エルフ-Elf",1
2016:40,2016,40,"精霊 さん, 魔獣, 魔法 使い, 鷲, 獣人",2
2016:41,2016,41,"妖精, 魔力 無限, 後 魔物, 魔境, 魔力",1
2016:42,2016,42,"初恋, 思い出, 幼馴染み 女の子, 過去 戻る, 後悔",1
2016:43,2016,43,"貴族 娘, 侯爵 夫人, 国王 陛下, 王位 継承, 呼ぶ 王",1
2016:47,2016,47,"者 婚約, 結婚 為る, 男爵 家, 後継 者, 居る 令嬢",2
2017:0,2017,0,"ゲーム-game 世界, 居る ゲーム-game, ゲーム-game 中, ゲーマー, 其れ ゲーム-game",36
2017:1,2017,1,"発売 予定, ！ コミック-comic, 発売 ！, 漫画, 重版 決定",48
2017:2,2017,2,"魔女, 殺戮 者, 不死 王, エルフ-Elf 少女, 使い魔",29
2017:3,2017,3,"戦国 時代, 帝国, 為る 歴史, 現代 日本, 日本 言う",14
2017:4,2017,4,"魔力 量, 初級 魔法, 魔法 知る, 魔法 使う, 魔法 異",12
2017:5,2017,5,"二 王女, 子爵 令嬢, 公爵 家, 者 公爵, プリンス-prince",5
2017:6,2017,6,"最強 パーティー-party, パーティー-party 追放, パーティー-party リーダー-leader, パーティー-party 抜ける, 元 パーティー-party",19
2017:7,2017,7,"外れる スキル-skill, スキル-skill 進化, 外れ スキル-skill, 世界 スキル-skill, 無い スキル-skill",16
2017:8,2017,8,"前世 乙女, 悪役 令嬢, アナ-announcer, ヒロイン-heroine 悪役, 令嬢 クレア-外国",13
2017:9,2017,9,"高卒, 優等 生, 自 堕落, 天使, ダンジョン マスター-master",4
2017:10,2017,10,"英雄 目指す, 勇者 中, 救国 英雄, 成る 運命, 大 罪人",16
2017:11,2017,11,"他 魔王, 持つ 魔王, 魔王 軍, 居る 魔王, 間 魔王",11
2017:12,2017,12,"聖女 選ぶ, 居る 聖女, 有る 聖女, 聖女 様, 聖女 座",4
2017:13,2017,13,"少女 ゲーム-game, ゲーム-game 事, 気付く ゲーム-game, ゲーム-game 関係, 乙女 ゲーム-game",6
2017:14,2017,14,"王妃 様, 王太子 様, 姫 君, 貴族 男, 妃 様",7
2017:15,2017,15,"前世 不幸, 今 生活, 無い 前世, 世界 記憶, 世界 一寸",3
2017:16,2017,16,"生 少年, 失う 少年, 謎 声, 居る 化け物, 洞窟 中",3
2017:17,2017,17,"為る 妹, 仕舞う 妹, 両親 妹, 為る 後輩, 何故 彼女",5
2017:18,2017,18,"結婚 生活, 令嬢 婚約, 夫 態度, 妻 為る, 未亡人",4
2017:19,2017,19,"青春 物語, 幼少 頃, 幼稚 園, 夢 希望, 青春",5
2017:20,2017,20,"容姿 端麗, 憧れ 的, 無い 少女, ブラコン-brother complex 妹, 王都 学園",3
2017:21,2017,21,"少年 スキル-skill, 剣 教える, スキル-skill 授かる, スキル-skill 授与, 剣 持つ",2
2017:22,2017,22,"転生 王子, 有る 王, 皇子, 七 王子, 後 宮入り",4
2017:23,2017,23,"王子 妃, 王太子 殿下, 王子, 三 王子, 殿下 婚約",6
2017:24,2017,24,"最弱 冒険, さん 冒険, 新人 冒険, 謎 スキル-skill, スキル-skill 発揮",4
2017:26,2017,26,"魔法 世界, 剣 魔法, 魔法 陣, 世界 剣, 世界 言う",2
2017:28,2017,28,"成る 魔王, 魔王 有る, 魔族 勢力, 神々, 其処 彼",3
2017:29,2017,29,"娘 娶る, 彼 結婚, 娶る 事, 君-代名詞 結婚, アレクシア-Alexia",1
2017:30,2017,30,"魔法 ？, 陰陽 師, モンスター-monster 撃退, 妖怪, ファンタジー-fantasy １",2
2017:31,2017,31,"様 ドラゴン-dragon, 為る ドラゴン-dragon, 邪竜, ファンタジー-fantasy 日間, ファンタジー-fantasy 5",1
2017:32,2017,32,"前 死ぬ, 命 断つ, 為る 自殺, 言う 運命, 輪廻 転生",5
2017:33,2017,33,"脇役, キャラ-character, 為る 物語, 素敵 イラスト-illustration, エンジョイ-enjoy",1
2017:34,2017,34,"無職 成る, 再 就職, 稼ぐ 金, コンビニ-convenience, 年 世界",2
2017:35,2017,35,"母 亡くなる, のんびり 暮らす, 人生 一変, 家 生まれる, 私-代名詞 人生",3
2017:36,2017,36,"呼ぶ 迷宮, 迷宮, 洞窟, 探索 者, 世界 謎",4
2017:37,2017,37,"元 公爵, 居る 侯爵, 王都 離れる, 王弟 殿下, 令嬢 エレン",3
2017:38,2017,38,"私-代名詞 姿, 夢見る 居る, 王太子 妃, 妃 成る, 令嬢 有る",2
2017:39,2017,39,"歳 迎える, 12 歳, 魔王 達, 王宮 騎士, 皇",2
2017:40,2017,40,"魔法 一, 何 魔法, 使う 魔法, 竜神, 巫女",2
2017:43,2017,43,"貴族 令嬢, 公爵 令嬢, 世界 貴族, 有る 伯爵, 有る 王国",2
2017:44,2017,44,"悪役 令嬢, まったり 学園, 貴族 学院, 学園 入学, 為る 教師",1
2017:45,2017,45,"異母 妹, 継母, 侯爵 令嬢, 侯爵 家, 義弟",1
2017:46,2017,46,"子爵 令嬢, 私-代名詞 婚約, 婚約 解消, どう 婚約, 突然 婚約",1
2017:47,2017,47,"結婚 為る, 子爵 家, 侯爵 夫人, 騎士 居る, 貴族 有る",1
2017:48,2017,48,"妹 婚約, 伯爵 家, 姉妹, 兄弟 居る, 天使 様",2
2017:49,2017,49,"転移 者, 独り暮らし 始める, 普通 生きる, 世界 否応, 転移 巻き込む",3
2017:50,2017,50,"生まれ変わる 事, ゲーム-game 大好き, ゲーム-game 酷似, 乙女 ゲーム-game, 私-代名詞 転生",3
2018:0,2018,0,"ゲーム-game 機, 私-代名詞 ゲーム-game, ゲーム-game 初心, ゲーム-game 世界, 居る ゲーム-game",38
2018:1,2018,1,"発売 為る, ！ コミカライズ, 文庫 発売, 発売 ！, 魔剣",48
2018:2,2018,2,"魔女, 世界 女神, 様 魔法, 成る 魔物, 魔法 使う",34
2018:3,2018,3,"時 日本, 主義 有る, 現代 日本, 戦国 時代, 世界 日本",27
2018:4,2018,4,"生まれる 魔力, 魔術 師, 魔力 量, 世界 魔術, 魔術 才能",21
2018:5,2018,5,"王子 婚約, 公爵 令嬢, 子爵 令嬢, 一 王子, 馬鹿 王子",17
2018:6,2018,6,"パーティー-party 追放, 魔族 有る, 元 パーティー-party, 盗賊, 魔族",7
2018:7,2018,7,"無し スキル-skill, スキル-skill 所持, スキル-skill 有る, 為る スキル-skill, チート-cheat スキル-skill",9
2018:8,2018,8,"美女 成る, 少女 生まれ変わる, 乙女 ゲーム-game, 女優, シエラ-sierra",15
2018:9,2018,9,"人 見知り, 生 男子, 違い 戸惑う, 青春, 学園 生活",12
2018:10,2018,10,"貴族 嵌める, 人 運命, 権 無い, 暗殺 者, 死者",9
2018:11,2018,11,"魔王 軍, ： 帝国, 天王 魔王, 魔法 支配, 王国 内",6
2018:12,2018,12,"聖女 召喚, 聖女 言う, 女神 力, 僧侶, 騎士 目指す",8
2018:13,2018,13,"ゲーム-game シナリオ-scenario, 無理 ゲー-game, ゲーム-game 転生, ゲーム-game 世界, 乙女 ゲーム-game",6
2018:14,2018,14,"皇后, 美姫, 相手 結婚, 為る 皇帝, 日 王太子",4
2018:15,2018,15,"好き 世界, 世界 暮らす, 世界 行く, 世界 生活, ！ ファンタジー-fantasy",4
2018:16,2018,16,"妖怪, 倒す 魔物, 体力 魔力, 魔法 学院, ゴブリン-goblin 追い掛ける",6
2018:17,2018,17,"姉妹, 頃 両親, 物語 様, 彼女 一緒, 嫁入り",6
2018:18,2018,18,"私-代名詞 婚約, 居る 婚約, 結婚 決まる, 嫁 さん, 新婚 生活",5
2018:19,2018,19,"為 物語, 教室, 授業 中, 日 書籍, 教師",3
2018:20,2018,20,"ぽんこつ 少女, 幼馴染み 居る, 女の子, 彼女 為る, 好く 過ぎる",9
2018:21,2018,21,"魔物 狩り, 魔物 巣窟, スキル-skill 得る, 仲間 勇者, 学力",4
2018:22,2018,22,"有る 王, 皇帝 陛下, 為 王都, 上級 貴族, 王子 為る",8
2018:23,2018,23,"王太子 様, 王太子 側近, 二 皇子, 皇族, 隣国 王太子",4
2018:24,2018,24,"ヒロイン-heroine 出会う, ヒロイン-heroine 選ぶ, ヒーロー-hero ヒロイン-heroine, 他 攻略, ギルド-guild 追放",4
2018:25,2018,25,"居る 恋, 恋 成就, 惚れる 居る, 恋愛 要素, 穏便 婚約",3
2018:26,2018,26,"人々 物語, のんびり ライフ-life, ライフ-life 始まる, 二 人生, 世界 住人",1
2018:27,2018,27,"ドラゴン-dragon 倒す, 最強 ドラゴン-dragon, ドラゴン-dragon, 竜, 有る 勇者",3
2018:28,2018,28,"神 因る, 神 殺し, 不死 者, 人類 滅亡, 世界 多く",3
2018:29,2018,29,"エミリア, 花嫁 為る, リカ, 数奇 運命, 有る ノア",4
2018:31,2018,31,"オカルト-occult, 妖怪, 居る 物語, ホラー-horror, 超絶",2
2018:32,2018,32,"人生 後悔, 人生 遣り直す, 此れ 人生, 病 倒れる, 為る 人生",2
2018:33,2018,33,"登場 人物, 宇宙 人, ？ 世界, 目覚める 主人, 居る 異",1
2018:34,2018,34,"退魔 師, ジャンル-genre 別, ジャンル-genre, ロー-low ファンタジー-fantasy, 成る 総合",1
2018:35,2018,35,"生 転生, 超 貧乏, 天涯 孤独, 様 生活, 私-代名詞 生活",3
2018:36,2018,36,"居る 迷宮, 迷宮 迷宮, 迷宮, オカルト-occult, 現われる モンスター-monster",4
2018:37,2018,37,"国外 追放, 誘拐 事件, 公爵 令嬢, 追放, 奴隷",1
2018:38,2018,38,"御 隣り, 子猫, 住む 居る, 遭遇 為る, トウキョウ",1
2018:40,2018,40,"魔獣, 其処 魔法, 魔法 存在, 私-代名詞 魔力, 魔力",2
2018:41,2018,41,"後 魔物, 魔境, 眷属 成る, 世界 作る, フィクション-fiction 登場",2
2018:42,2018,42,"後悔, 後悔 為る, 死後, 居る 幼馴染み, 俺 高校",1
2018:43,2018,43,"魔女 呪い, 女王 呼ぶ, 魔女, 王位 継承, 女王",2
2018:44,2018,44,"伯爵 令嬢, 王都 学園, 令嬢 ディアナ, 令嬢 目指す, 有る 学園",4
2018:45,2018,45,"継母, 孤児 院, 愛する 彼女, 姉 因る, 異母",3
2018:47,2018,47,"結婚 為る, 貴族 娘, 歳 誕生, 子 自分, 後妻 入る",1
2018:48,2018,48,"美しい 妹, 伯爵 令嬢, 二 王子, 伯爵 家, 妃 成る",1
2018:49,2018,49,"粗筋 俺, 上司, 転職, 仕舞う 何故, 全て 俺",2
2019:0,2019,0,"ゲーム-game 世界, 此れ ゲーム-game, ゲーム-game 遣る, ゲーム-game 内, ゲー-game",62
2019:1,2019,1,"読者, 日 コミカライズ, 様 2021, 9 ／, ／ 24",35
2019:2,2019,2,"魔女, 魔女 為る, 此れ 魔法, 女神 呼ぶ, 錬金 術士",23
2019:3,2019,3,"現代 日本, 日本 人, 有る 日本, 生まれ変わり 有る, 者 前世",17
2019:4,2019,4,"魔術 才能, 持つ 魔法, 魔術 極める, 魔術 師, マジック-magic",23
2019:5,2019,5,"公爵 令嬢, 王子 婚約, 男爵 令嬢, 公爵 家, 王子 有る",32
2019:6,2019,6,"パーティー-party 追放, パーティー-party リーダー-leader, 元 パーティー-party, パーティー-party 一員, パーティー-party 結成",40
2019:7,2019,7,"レア-rare スキル-skill, 最強 スキル-skill, スキル-skill レベル-level, スキル-skill 取得, 為る スキル-skill",17
2019:8,2019,8,"アナ-announcer, 腐 女子, 乙女 ゲーム-game, リリー-lily アナ-announcer, ゲーム-game 世界",18
2019:9,2019,9,"女子 生徒, 学校 一, 高校 生活, 孤立 為る, 高校 三",29
2019:10,2019,10,"馬鹿 王子, 勇者 首, 大 貴族, 権力 者, 武将 転生",11
2019:11,2019,11,"魔王 討伐, 魔王 力, 魔王 言う, 邪神 倒す, 魔王 軍",16
2019:12,2019,12,"聖女 成る, 偽 聖女, 聖女 有る, 聖女 様, 新しい 聖女",22
2019:13,2019,13,"ゲーム-game 本編, ゲーム-game 中, ゲーム-game 転生, 乙女 ゲーム-game, 前世 プレー-play",9
2019:14,2019,14,"皇太子 妃, 王女, 王妃, 侯爵 令嬢, 皇后",17
2019:15,2019,15,"世界 生まれ変わる, 世界 得る, 生まれ変わる 居る, 世界 ！, 豊か 為る",2
2019:16,2019,16,"魔法 学院, 成り上がる 物語, 魔法 レベル-level, 想像 以上, 確率",2
2019:17,2019,17,"仕舞う 姉, 姉 達, 無い 姉, 仲 悪い, 為る 性格",6
2019:18,2019,18,"私-代名詞 婚約, 愛する 結婚, 居る 浮気, 新しい 恋, 世界 恋愛",11
2019:19,2019,19,"彼 学校, 学校 中, 生徒 達, 少年 スキル-skill, 迫害 為る",6
2019:20,2019,20,"俺 彼女, 言う 美, 此れ 恋, デレ 少女, 幼馴染み 居る",11
2019:21,2019,21,"錬金 術, 為 能力, スキル-skill 他, 人 女神, 女神 貰う",4
2019:22,2019,22,"帝国 貴族, 成る 侯爵, 皇帝 呼ぶ, 為る 王子, 王国 守る",5
2019:23,2019,23,"王子 殿下, 為る 王子, 二 王子, 王子, 陛下 御",5
2019:24,2019,24,"頃 冒険, 為る 冒険, 一人 冒険, 呼ぶ 迷宮, ダンジョン 攻略",8
2019:25,2019,25,"恋 為る, 女性 恋, 人 気持ち, 私-代名詞 付き合う, 美 男子",7
2019:26,2019,26,"神 名乗る, 世界 戻る, 後 神, 居る 神, 死亡 為る",1
2019:27,2019,27,"有る ドラゴン-dragon, ドラゴン-dragon, ドラゴン-dragon 達, 来る ドラゴン-dragon, 有る 竜",7
2019:28,2019,28,"居る 神, 神 様, 事 神, 意識 為る, 為る 神",2
2019:29,2019,29,"婚約 破棄, 婚約 解消, 最愛 婚約, 言う 婚約, 嫌う 婚約",8
2019:30,2019,30,"魔物 使い, 魔力 無い, 闇 精霊, 世界 魔力, 私-代名詞 魔力",3
2019:32,2019,32,"彼 転生, 因る 死亡, 為る 人生, 無い 幼馴染み, 賢者 呼ぶ",2
2019:33,2019,33,"架空 存在, 事 前世, 絶滅, 宇宙 船, 宇宙 人",3
2019:34,2019,34,"無職 成る, 稼ぐ 事, 無職, 業 者, 為る 業界",4
2019:35,2019,35,"貴族 令嬢, 孤児, 令嬢 物語, 為る 育つ, 物語 私-代名詞",1
2019:36,2019,36,"洞窟, 迷宮, 世界 存在, 探索 者, 発見 為る",1
2019:37,2019,37,"公爵 令嬢, 子爵 令嬢, 者 公爵, 成る 子爵, 下級 貴族",3
2019:38,2019,38,"猫 為る, 猫, 黒猫, 為る 仄々, 何とぞ 宜しく",3
2019:39,2019,39,"貴族 子, 魔法 使う, 系 魔術, ！ 貴族, 爺 ちゃん",3
2019:40,2019,40,"鳥 成る, 魔物 跋扈, 魔物 倒す, 仕舞う 魔物, 為 魔物",1
2019:41,2019,41,"描く 物, ドラゴン-dragon, 妖精, 聖 竜, 竜 力",1
2019:42,2019,42,"俺 幼馴染み, 俺 高校, 高校 時代, 人生 後悔, 遣り直す 物語",5
2019:43,2019,43,"王位 継承, 国王 陛下, 王都 有る, 彼女 転生, 目指す 王都",3
2019:44,2019,44,"姫 有る, 令嬢 言う, 作品 フィクション-fiction, 転移 者, 架空 存在",3
2019:45,2019,45,"伯爵 令嬢, 家 養女, 孤児 院, 姉 二人, 親戚",2
2019:46,2019,46,"婚約 破棄, 婚約 解消, 悟る 婚約, 嫁探し, 皇太子 妃",4
2019:47,2019,47,"結婚 為る, 歳 女, 子爵 家, 成る 伯爵, 公爵 公爵",2
2019:48,2019,48,"双子 妹, 両親 妹, 伯爵 家, 迫害 為る, 達 迫害",2
2019:49,2019,49,"此れ 人生, 自暴 自棄, 人生 幕, 生命, 者 物語",1
2020:0,2020,0,"成る ゲーム-game, ゲーム-game 世界, ゲーム-game 有る, 此れ ゲーム-game, ！ ゲーム-game",20
2020:1,2020,1,"読む 方, 改稿 版, 掲載 予定, 積り 書く, 版 為る",18
2020:2,2020,2,"魔術 士, 魔法 才能, 魔力 多い, 魔法 使う, 魔女",17
2020:3,2020,3,"覇王, 居る 物語, 危険 人物, 日本 人, 戦国 時代",12
2020:4,2020,4,"魔術 師, 最強 魔術, 初級 魔法, 魔術 使う, 魔導 師",14
2020:5,2020,5,"王太子 妃, 公爵 令嬢, 王子 婚約, 皇太子 殿下, 公爵 家",26
2020:6,2020,6,"パーティー-party 追放, 最強 パーティー-party, 元 パーティー-party, パーティー-party リーダー-leader, パーティー-party 抜ける",31
2020:7,2020,7,"外れる スキル-skill, スキル-skill 存在, スキル-skill 有る, 事 スキル-skill, スキル-skill アイテム-item",19
2020:8,2020,8,"彼女 正体, 令嬢 生まれ変わる, 王太子 妃, 絶世 美女, 妃 選ぶ",4
2020:9,2020,9,"居る 中学, 頃 幼馴染み, 学校 中, 何処 居る, 私-代名詞 今日",8
2020:10,2020,10,"覇 唱える, 魔物 狩り, 女神 力, 神 様, 物語 歴史",7
2020:11,2020,11,"魔族 戦い, 魔族 王, 魔王 成る, 王 魔王, 魔王 軍",9
2020:12,2020,12,"聖女 力, 聖女 成る, 偽 聖女, 聖女 魔王, 聖女 選ぶ",20
2020:13,2020,13,"ゲーム-game 出る, 恋愛 ゲーム-game, 公 ゲーム-game, ゲーム-game 使う, 令嬢 生まれ変わる",4
2020:14,2020,14,"王太子 結婚, 王太子 殿下, 王太子, 末 王女, 五 王子",6
2020:15,2020,15,"意 決して, 私-代名詞 魔力, 飛び下りる 自殺, 人生 送る, 者 裏切る",4
2020:17,2020,17,"妹 様, 仕舞う 妹, 妹 言う, 御前 妹, 有る 姉",6
2020:18,2020,18,"私-代名詞 結婚, 女 結婚, 言う 婚約, 為る 結婚, 成る 婚約",5
2020:19,2020,19,"中学 時代, 振る 幼馴染み, 仕舞う 高校, 居る 高校, 失望 為る",2
2020:20,2020,20,"此れ 恋, 女 らしい, 様 奇麗, 容姿 端麗, 姉妹",6
2020:21,2020,21,"忍者, 剣術, 才能 無い, 育てる 少年, 武術",1
2020:22,2020,22,"皇帝 陛下, 皇帝 呼ぶ, 事 王宮, 陛下, 五 王子",7
2020:23,2020,23,"二 王子, 王子 殿下, 三 王子, 為る 王子, 王子",2
2020:24,2020,24,"歳 冒険, ギルド-guild 追放, 再 就職, 職員 為る, 溜め込む 居る",4
2020:25,2020,25,"恋 憧れる, 結婚 話, 結婚 為る, 婚姻 結ぶ, 不倫",3
2020:26,2020,26,"魔王 討伐, 勇者 力, 地球 帰還, 軈て 魔王, 為る 勇者",1
2020:27,2020,27,"ドラゴン-dragon 達, ドラゴン-dragon, 最強 ドラゴン-dragon, 古 竜, 竜",1
2020:28,2020,28,"魔王 倒す, 神 殺す, 自称 神, 倒す 勇者, 為る 神",1
2020:29,2020,29,"令嬢 エレン, エレン, アンナ, 仕舞う 婚約, 婚約 解消",9
2020:32,2020,32,"サバイバル-survival 生活, 人生 遣り直す, 人生 過ごす, 生活 為, 生活 成る",3
2020:34,2020,34,"社員, 職場, オフィス-office, 年下, 金髪 美",2
2020:35,2020,35,"無い 母, 子供 居る, 人生 満喫, 運命 言う, シンデレラ-Cinderella ストーリー-story",4
2020:37,2020,37,"王子 奪う, 公爵 令嬢, 王子 婚約, 一 王子, 王子",6
2020:38,2020,38,"猫 成る, 猫 為る, 猫, 鳴く, 様 物語",1
2020:39,2020,39,"為る 弟子, 記憶 蘇る, 魔導 士, 有る 前世, 居る 魔導",1
2020:42,2020,42,"事 後悔, 幼馴染み 告白, 俺 幼馴染み, 思い出, 自殺",5
2020:44,2020,44,"彼女 幼馴染み, 貴族 娘, 弱小 貴族, 為る 教師, 成る 姉",2
2020:45,2020,45,"貧乏 男爵, 侯爵 家, 為る 伯母, 令嬢 婚約, 異母",5
2020:46,2020,46,"婚約 破棄, 過ぎる 婚約, 突然 婚約, 私-代名詞 婚約, 正妻",6
2020:47,2020,47,"父 再婚, 再婚 為る, 家 次女, 子爵 家, 母 亡くなる",3
2020:48,2020,48,"妹 奪う, ヒロイン-heroine 妹, 無い 妹, 母 妹, 男爵 家",5
2020:49,2020,49,"転移 者, 旅 出る, 全て 絶望, スキル-skill 俺, 為る 旅",1
2020:50,2020,50,"ゲーム-game 悪役, 私-代名詞 死ぬ, 有る ゲーム-game, ゲーム-game 中, 人生 掛ける",1
2020:51,2020,51,"男 世界, 人 因る, 居る 人, 男 達, 様 転生",2
