id,year,topic,top_terms,count,label_llm,summary_llm
2009:0,2009,0,"ゲーム-game ライフ-life, ゲーム-game 舞台, ゲーム-game キャラクター-character, ライン-line ゲーム-game, 魔法 冒険",3,ゲームと人生の冒険,ゲームの舞台やキャラクターを通じて、魔法の冒険が描かれ、現実と虚構の境界が探求される。
2009:1,2009,1,"！ アニメ-animation, 読む 呉れる, ？ ヒロイン-heroine, 中 作画, 勘弁 ！",3,アニメとヒロインの魅力,2009年のアニメにおけるヒロインの描写と作画の質について考察し、視聴者に与える影響を探る。
2009:2,2009,2,"彼女 下, 伝説 聖女, 為る 彼女, 来る 物語, 一人 少女",3,聖女の伝説と少女,一人の少女が聖女としての運命を背負い、伝説の物語が展開する。彼女の成長と試練が描かれる。
2009:3,2009,3,"日本 人, 現代 日本, 有る 日本, 幽霊, 世界 日本",2,現代日本の幽霊観,2009年の日本における幽霊の存在とその文化的意義を探求し、現代社会における日本人の幽霊観を考察する。
2009:4,2009,4,"魔術 師, 魔法 使い, 魔術 才能, 最強 魔術, 魔法 使う",2,魔術と最強の才能,魔法使いとしての才能を持つ主人公が、最強の魔術を駆使して冒険する物語。
2009:14,2009,14,"皇太子 妃, 居る 王妃, 二 王子, 皇太子, 王女",2,皇太子と王族の関係,2009年の皇太子妃や王妃、二王子と王女の関係性を探る。
2009:15,2009,15,"世界 生きる, 人生 送る, 世界 生活, 何 生きる, 人生 幕",1,世界での生き方,人生をどのように送るか、世界の中での生活の意味を探求するテーマ。
2009:17,2009,17,"仕舞う 妹, 為る 妹, 為る 姉, 無い 姉, 巫女 有る",1,姉妹の役割と存在,姉妹の関係性を通じて、役割や存在意義が探求され、特に姉と妹の対比が強調される。
2009:21,2009,21,"戦国 乱世, 王立, 忍者, 村人 達, 敵 有る",1,戦国時代の忍者と村人,戦国時代の乱世において、忍者と村人たちが敵と対峙し、 survival を図る物語。
2009:26,2009,26,"死ぬ 主人, 創造 神, 剣 魔法, 筈 神, 世界 剣",1,神と魔法の世界,創造主とその死を巡る物語。剣と魔法が交錯する世界で、神の意志が試される。
2009:38,2009,38,"猫 為る, 為る 猫, 猫 成る, 猫 姿, 猫",1,猫の存在と変化,猫が持つ多様な姿や役割を通じて、存在の変化や意味を探求するテーマ。
2009:40,2009,40,"魔獣, 精霊 さん, 為 魔物, 魔法 一, 迷宮 迷宮",1,魔獣と精霊の迷宮,魔獣と精霊が共存する迷宮で、魔法を駆使して生き抜く冒険が描かれる。
2009:46,2009,46,"婚約 解消, 突然 婚約, 私-代名詞 婚約, 有る 婚約, 日 婚約",1,婚約の解消とその影響,婚約の突然の解消がもたらす心理的影響や社会的視点について考察する。
2009:47,2009,47,"新婚 生活, 絶世 美女, 子爵 家, 成る 伯爵, 養子",1,新婚生活と家族の変遷,絶世の美女が子爵家に嫁ぎ、伯爵となる過程で養子を迎える新婚生活の物語。
2009:51,2009,51,"男 生まれる, 貴族 男, 為る 人, 中年 男性, 男 出会う",1,男の生涯と出会い,貴族の男性が中年に達し、人生の中で出会う人々との関係を描く物語。
2010:0,2010,0,"ゲーム-game 世界, 有る ゲーム-game, ライン-line ゲーム-game, デス-death ゲーム-game, 為る ゲーム-game",14,ゲームの世界と死,ゲームの世界における存在や死の概念を探求し、ラインゲームの特性を考察する。
2010:1,2010,1,"本編 番外, 話 本編, 為る 内容, 出来事 因る, 編 此方",5,本編と番外の関係,本編と番外の内容がどのように関連し、出来事に基づいて展開されるかを探る。
2010:2,2010,2,"女神 呼ぶ, 魔王 打つ, 魔王 領, 有る 魔王, 魔物 達",4,女神と魔王の戦い,女神が魔王を打ち倒すために呼ばれ、魔物たちとの戦いが繰り広げられる物語。
2010:3,2010,3,"日本 人, 有る ファンタジー-fantasy, 登場 人物, 世界 魔術, 有る 剣",5,日本のファンタジー世界,日本を舞台にしたファンタジー作品で、魔術や剣を使う登場人物たちの冒険が描かれる。
2010:4,2010,4,"魔術 才能, マジック-magic, 魔術 使う, 魔力 量, 魔法 使う",1,魔術と才能の関係,魔術の使用には個々の才能や魔力の量が影響し、魔法の使い方に多様性をもたらす。
2010:6,2010,6,"為る 勇者, 人物 達, 集う, パーティー-party メンバー-member, メンバー-member",1,勇者たちの集い,勇者たちが集まり、共に冒険を繰り広げる様子を描いた物語。
2010:8,2010,8,"悪役 令嬢, 前世 乙女, ゲーム-game 悪役, アナ-announcer, レディー-lady",1,悪役令嬢の逆転劇,前世で乙女ゲームの悪役令嬢だった主人公が、運命を変えるため奮闘する物語。
2010:9,2010,9,"学校 生活, 独り暮らし 為る, 高校 生活, 中学 卒業, 有る 物語",3,高校生活の独り暮らし,中学卒業後、高校生活を独り暮らしで送る主人公の物語。新たな環境での成長や葛藤が描かれる。
2010:10,2010,10,"ヒーロー-hero, 勇者 中, 選ぶ 勇者, 彼 戦闘, 為る ヒーロー-hero",3,勇者の選択と戦闘,ヒーローとしての選択と戦闘を通じて、真の勇者がどのように形成されるかを探る物語。
2010:11,2010,11,"魔王 討伐, 勇者 魔王, 世界 魔王, 魔王 倒す, 魔王 軍",1,勇者と魔王の戦い,勇者が魔王を討伐する物語を通じて、世界の平和を取り戻す戦いが描かれる。
2010:15,2010,15,"不死 成る, 呆気ない 死ぬ, 不老 不死, 死ぬ 筈, 覚める 見知る",2,不死と死の対比,不老不死の概念が、呆気ない死と対峙し、存在の意味を問い直す。
2010:16,2010,16,"不思議 世界, 少年 異, 有る 少年, 世界 迷い込む, 世界 冒険",3,不思議な冒険の少年,少年が異世界に迷い込み、不思議な冒険を繰り広げる物語。
2010:17,2010,17,"世界 暮らす, 為る 姉, 何 世界, 無い 姉, 両親 妹",1,家族と世界の関係,姉が家族のために世界で生きる姿を描き、両親や妹との関係を通じて、存在意義を問い直す物語。
2010:18,2010,18,"夫 愛する, 私-代名詞 結婚, 再婚, 結婚 為る, 私-代名詞 婚約",2,再婚と愛の再定義,結婚や婚約における私の立場を再考し、愛する夫との関係を通じて再婚の意義を探る。
2010:19,2010,19,"少年 物語, 夢 希望, 少年 居る, 日 書籍, 生徒 達",1,少年の夢と希望,少年たちの物語を通じて、夢や希望を追い求める姿が描かれ、彼らの成長と友情が重要なテーマとなっている。
2010:23,2010,23,"王太子 殿下, 正妃 成る, 結婚 為る, 王子, 姫 有る",3,王太子の結婚と正妃,王太子が正妃を迎え入れる過程を描き、王子と姫の運命が交錯する物語。
2010:25,2010,25,"結婚 為る, 浮気, 恋愛 要素, 嫉妬, 私-代名詞 どう",3,恋愛と嫉妬の葛藤,結婚を考える中での浮気や嫉妬の感情が、私の恋愛観にどのように影響するかを探る。
2010:26,2010,26,"魔物 蠢く, 為る 魔物, ファンタジー-fantasy 世界, ロボット-robot, 中世 ファンタジー-fantasy",1,中世ファンタジーとロボット,中世ファンタジー世界における魔物の存在と、ロボットとの関係性を探る物語。
2010:31,2010,31,"世界 魔王, 物語 フィクション-fiction, 世界 前世, ※ 物語, 前世 知識",2,前世と魔王の物語,前世の知識を持つ主人公が、魔王としての運命に立ち向かうフィクションの物語。
2010:33,2010,33,"生きる 足掻く, 命 辛々, 死ぬ 仕舞う, 辛々 逃げ出す, ダーク-dark",1,生きることの苦悩,命の重さと死への逃避を描き、生きることの辛さや足掻きをテーマにした作品。
2010:35,2010,35,"中世 ヨーロッパ-Europa, 此の世, 此の世 去る, 世界 俺, ヨーロッパ-Europa",1,中世ヨーロッパの世界観,中世ヨーロッパにおける此の世と此の世去ることの意味を探求し、世界との関係性を考察する。
2010:38,2010,38,"猫 成る, 為る 事件, 中 出会う, 使い魔, 奉公",3,猫と使い魔の出会い,猫が使い魔として奉公し、様々な事件に遭遇する中での成長と出会いを描く物語。
2010:41,2010,41,"魔境, 魔術 学院, 魔 石, 特異, 美形",2,魔術学院の特異な美形,魔術学院を舞台に、特異な才能を持つ美形たちが魔石を巡る冒険を繰り広げる物語。
2010:43,2010,43,"クイーン-queen, 王 様, 為る 貴族, 因る 城, 呼ぶ 王",2,王と貴族の関係,クイーンと王様の関係を通じて、貴族の役割や城の重要性が描かれ、権力の象徴としての王の存在が浮き彫りになる。
2010:47,2010,47,"居る 初恋, 養子, 憧れ 有る, 子 自分, 結婚 為る",1,初恋と家族の絆,初恋の憧れを抱く養子が、自分の存在を見つめ直し、結婚を通じて家族の絆を深める物語。
2010:51,2010,51,"男 生まれる, 紳士, 歩む 男, 男 彼, 未熟 者",1,未熟な男の成長,未熟な男が紳士として成長する過程を描き、彼の歩みと内面的葛藤を探求する物語。
2011:0,2011,0,"ゲーマー, ゲーム-game 世界, ゲーム-game 内, デス-death ゲーム-game, 小説 ゲーム-game",28,ゲームと死の交差点,2011年の作品では、ゲーマーがゲーム内で経験する死の概念とその影響を探求し、小説としての新たな表現を試みている。
2011:1,2011,1,"有る 作者, 小説 主人, 作者, 作者 都合, 本 作品",12,作者の意図と作品,小説における作者の意図や都合が、作品の主人公や物語にどのように影響を与えるかを探る。
2011:2,2011,2,"魔女 成る, 魔女, 少女 魔法, 魔法 当たり前, 魔法 職",10,魔女と少女の成長,魔女として成長する少女が、魔法を当たり前に使いこなし、職業としての魔法の意義を探る物語。
2011:3,2011,3,"現代 日本, 元 日本, 世界 転移, 彼 世界, 世界 侵略",9,現代日本の世界転移,2011年の作品は、現代日本と元日本の関係を探求し、世界侵略のテーマを通じて彼の世界観を描いている。
2011:4,2011,4,"剣 魔法, 魔術 師, 魔術 才能, 魔法 世界, 初級 魔法",1,魔法と剣の冒険,2011年の作品では、初級魔法を学ぶ魔術師が剣と魔法の世界で成長し、才能を開花させる物語が描かれています。
2011:5,2011,5,"公爵 令嬢, 王子 結婚, 王子 婚約, 公爵 令息, 公爵 家",2,王子と公爵家の婚約,公爵家の令嬢と王子の婚約を巡る物語。家柄や結婚の背景が絡み合い、恋愛と運命が交錯する。
2011:6,2011,6,"蹂躙 為る, サービス-service 終了, ギルド-guild マスター-master, 仲間 達, デッド-dead",1,仲間との絆と喪失,2011年の物語では、ギルドの仲間たちがサービス終了を迎え、共に過ごした時間や喪失感が描かれる。
2011:7,2011,7,"才能 有る, 貰う スキル-skill, スキル-skill 駆使, 居る 力, 苦難 乗り越える",3,才能とスキルの力,才能を持つ者がスキルを駆使し、苦難を乗り越える力を得る様子を描く。
2011:9,2011,9,"平凡 少女, 学園 物語, 彼女 物語, 学生 生活, 少年 達",4,平凡な少女の学園生活,平凡な少女が少年たちと共に過ごす学園生活を描いた物語。友情や成長がテーマ。
2011:10,2011,10,"人 死ぬ, 死 戻る, 生きる 抜く, 度 死, 挽く 死ぬ",3,生と死の循環,人が死に、また戻ることで生きる意味を探求するテーマ。死の度に生きることの価値が問われる。
2011:11,2011,11,"魔王 討伐, 魔王 成る, 魔王 倒す, 為る 魔王, 魔王 軍",1,魔王の成り立ちと討伐,魔王の存在とその討伐に関する物語が描かれ、魔王がどのように成り立ち、倒されるのかが探求される。
2011:12,2011,12,"聖女 成る, 偽 聖女, 聖女 有る, 為る 聖女, 読む 事",1,聖女の存在と役割,聖女の概念とその偽りの姿を探求し、聖女としての存在意義を考察する。
2011:13,2011,13,"ゲーム-game 終わる, ゲーム-game 酷似, ゲーム-game 嵌まる, ゲーム-game 主人, ゲーム-game 本編",6,ゲームの影響と没入,ゲームの終わりや本編との酷似、主人公の役割に焦点を当て、プレイヤーの没入感とその影響を探る。
2011:14,2011,14,"皇太子, 皇后, 二 王子, 王太子, 王子",2,皇族の役割と影響,2011年の皇太子と皇后、二王子の関係を通じて、皇族の社会的役割や影響力について考察する。
2011:15,2011,15,"私-代名詞 人生, 前世 世界, 私-代名詞 生まれ変わる, 言う 私-代名詞, 私-代名詞 世界",4,私と前世の世界,私という代名詞を通じて、人生や生まれ変わりの概念を探求し、前世との関連を考察する。
2011:16,2011,16,"魔物 人間, 為 迷宮, ― 迷宮, 持つ 魔力, 一緒 魔王",4,魔物と人間の共存,魔物と人間が共に迷宮を探索し、魔王の持つ魔力に立ち向かう物語。
2011:17,2011,17,"為る 妹, キャラ-character 達, 脇役, 性格 為る, 攻略 キャラ-character",3,脇役キャラの性格分析,2011年の作品における妹キャラや脇役キャラの性格が、攻略に与える影響を探る。
2011:19,2011,19,"生徒 達, 成る 書籍, 物語 御, 貴族 社会, 勇者 因る",2,貴族社会と勇者の物語,2011年の書籍において、生徒たちが貴族社会で勇者となる物語が描かれ、成長と冒険のテーマが探求される。
2011:20,2011,20,"28 歳, 容姿 端麗, 年下, 幼馴染み 居る, 一生",1,年下の幼馴染みとの恋,28歳の容姿端麗な主人公が、年下の幼馴染みとの一生を考える恋愛模様を描く。
2011:21,2011,21,"学園 入学, 学校 有る, 授業 中, 学生 時代, クラス-class 毎",1,学園生活の思い出,2011年の学園生活を振り返り、入学から授業、クラスメートとの交流を通じて学生時代の思い出を描写する。
2011:23,2011,23,"王子 殿下, 皇太子 殿下, 王太子 殿下, 王子, 二 王子",2,王子と皇太子の関係,2011年の作品では、王子や皇太子の立場や役割が描かれ、彼らの関係性や葛藤がテーマとなっている。
2011:26,2011,26,"人々 物語, 世界 剣, 世界 無双, 蛮族, 世界 出会う",2,剣と出会う物語,2011年の物語では、剣を持つ人々が蛮族と出会い、無双の力を発揮する世界が描かれています。
2011:27,2011,27,"ドラゴン-dragon, 竜 魂, 竜 転生, 人 竜, 中世 ファンタジー-fantasy",5,ドラゴンと人の転生,中世ファンタジーにおけるドラゴンと人間の魂の転生を描き、異なる存在の融合を探求する物語。
2011:28,2011,28,"神 因る, 知る 神, 運命 神, 神 様, 神 殺す",1,神と運命の探求,神の存在と運命に対する人間の理解を探求し、神を殺すというテーマを通じて、信仰と運命の関係を考察する。
2011:30,2011,30,"迷宮 主, 為る 迷宮, 魔力, 魔法 士, 世界 ファンタジー-fantasy",1,迷宮と魔法の世界,2011年のファンタジー作品で、迷宮を主題にした魔法使いの冒険が描かれ、魔力の探求が繰り広げられる。
2011:31,2011,31,"私-代名詞 魔王, 世界 魔王, 人 魔王, 妖精, 魔王 成る",5,魔王と人間の関係,魔王が人間や妖精と関わりながら、自己の存在意義を探求する物語。
2011:32,2011,32,"人生 後悔, 後悔 為る, 無職 童貞, 人生 送る, 死ぬ 仕舞う",2,人生の後悔と孤独,無職で童貞の主人公が人生の選択を振り返り、後悔と孤独を抱えながら生きる様子を描く。
2011:33,2011,33,"宇宙 進出, 人類 宇宙, 時代 物語, 五千 年, 成る 地球",1,人類の宇宙進出の物語,2011年の物語は、五千年の時を経て人類が宇宙に進出する様子を描いている。
2011:34,2011,34,"店員, 社員, 業 者, 就職, アルバイト-Arbeit",1,アルバイトと就職の関係,2011年の研究では、アルバイト経験が就職活動に与える影響や、店員と社員の役割について考察されている。
2011:35,2011,35,"叫ぶ, 居る 母, 何 俺, 祖父 様, 此処 居る",1,家族の存在と叫び,母や祖父の存在を通じて、自己の存在意義を問いかける物語。
2011:36,2011,36,"洞窟 中, 洞窟, 大 迷宮, 迷宮, オカルト-occult",1,オカルトと迷宮の探求,2011年の作品では、洞窟の中に広がる大迷宮を舞台に、オカルト的要素が絡む神秘的な物語が展開される。
2011:40,2011,40,"魔獣, 有る 神, 文鳥, 動物 達, 色々 有る",1,神秘的な動物たち,魔獣や文鳥など、さまざまな動物が登場し、神秘的な存在として描かれる物語。
2011:41,2011,41,"妖精, 魔境, 使う 魔力, 後 魔物, 虹",1,妖精と魔境の冒険,妖精が魔力を使い、魔物と対峙する虹色の魔境での冒険を描く物語。
2011:49,2011,49,"自暴 自棄, 転移 者, 被害 者, 仕事 疲れる, 自暴",1,自暴自棄の転移と影響,自暴自棄に陥った者が、仕事の疲れや被害者意識を抱え、周囲に影響を及ぼす様子を描写する。
2011:51,2011,51,"男 生まれる, 適当 生きる, 世界 成り上がる, 中年 男性, 良い 暮らし",1,中年男性の生き方,2011年の作品は、中年男性が適当に生きながらも、世界で成り上がり良い暮らしを求める姿を描いている。
2012:0,2012,0,"ゲーマー, 居る ゲーム-game, ゲーム-game 似る, ゲーム-game 世界, ゲーム-game 有る",27,ゲームの世界とゲーマー,2012年のトピックでは、ゲームの世界に存在するゲーマーの役割やその影響について考察されている。
2012:1,2012,1,"中 コミック-comic, コミック-comic 様, 日本 国, ！ アニメ-animation, コミカライズ 版",17,日本のコミックとアニメ,2012年の日本におけるコミックとアニメの関係性やコミカライズ版の影響について考察する。
2012:2,2012,2,"現われる 女神, 魔女, 巫女, 巫女 呼ぶ, 姫 言う",7,女神と魔女の象徴,女神や魔女、巫女が登場し、彼女たちの役割や象徴性が探求される物語。
2012:3,2012,3,"為る 古代, 日本 戻る, 神話 時代, 文明 崩壊, 為る 日本",10,古代日本の神話と文明,古代日本の神話時代における文明の崩壊とその影響について考察する。
2012:4,2012,4,"世界 魔術, 魔力 持つ, 世界 魔力, 世界 魔法, 魔術 師",8,魔術と魔力の世界,2012年の作品では、魔術師たちが魔力を持つ世界を描き、魔法の力が人々の生活にどのように影響を与えるかを探求している。
2012:5,2012,5,"公爵 令嬢, 王子 婚約, 公爵 家, 子爵 令嬢, 一 王子",2,公爵家の婚約物語,公爵家の令嬢と王子の婚約を巡る物語。子爵家の令嬢との対立や家柄の重圧が描かれる。
2012:7,2012,7,"為る 才能, スキル-skill 有る, スキル-skill 選ぶ, 居る スキル-skill, 魔法 使い",2,魔法使いの才能と選択,魔法使いとしての才能やスキルの有無、選択の重要性について探求する。
2012:8,2012,8,"人物 成る, 嬢 様, 女 異, 生死 境, 付く 私-代名詞",4,女性の存在とアイデンティティ,女性の成り立ちや生死の境界を通じて、自己を見つめ直す物語が描かれる。
2012:9,2012,9,"女子 高校, 高校 生, 高校 生活, 美 少年, 男子 生徒",3,高校生活と青春の葛藤,女子高校生と美少年男子生徒の交流を通じて、高校生活の喜びや葛藤を描く物語。
2012:10,2012,10,"魔王 滅ぼす, 救国 英雄, 王国 王都, 嘗て 勇者, 自分 死ぬ",6,勇者の自己犠牲,魔王を滅ぼすために立ち上がった英雄が、自らの命を賭けて王国を救う物語。
2012:11,2012,11,"勇者 魔王, 魔王 成る, 魔王 居る, 王 有る, 勇者 達",3,勇者と魔王の関係,勇者と魔王の存在が交錯する中で、魔王が成り立つ理由や勇者たちの役割が探求される物語。
2012:12,2012,12,"聖女 成る, 偽 聖女, 聖女 召喚, 聖女 有る, 居る 聖女",2,聖女の存在と役割,聖女の概念を巡り、偽聖女や召喚された聖女の存在が探求され、彼女たちの役割と影響が考察される。
2012:13,2012,13,"乙女 ゲー-game, 私-代名詞 ゲーム-game, ゲーム-game キャラクター-character, ゲーム-game 関係, 乙女 ゲーム-game",6,乙女ゲームのキャラクター関係,乙女ゲームにおける私代名詞の使用とキャラクター間の関係性について考察する。
2012:14,2012,14,"王国 王女, 王子 結婚, 王侯 貴族, 王侯, 妻 娶る",5,王国の結婚物語,王国の王女と王子の結婚を巡る物語。王侯貴族の関係が織りなす愛と権力のドラマ。
2012:15,2012,15,"人生 掛ける, 俺 人生, 暮らす 世界, 世界 別, 生き延びる 事",10,人生の選択と生き方,人生を懸けて生きることの意味や、異なる世界での生存の在り方について考察する。
2012:16,2012,16,"英雄 伝説, 魔王 復活, 仄々 ファンタジー-fantasy, 召喚 魔法, ファンタジー-fantasy ライフ-life",4,英雄と魔王の復活,ファンタジー世界で、英雄が魔王の復活を阻止するために召喚魔法を駆使し、冒険を繰り広げる物語。
2012:17,2012,17,"ヒロイン-heroine 妹, 姉 為る, 兄弟 転生, 彼女 生活, 末裔 有る",6,転生した兄弟の物語,妹と姉の関係を描きつつ、転生した兄弟が彼女の生活に影響を与える末裔の物語。
2012:19,2012,19,"居る 記憶, 記憶 得る, 記憶 頼り, 放課 後, 有る 高校",2,高校生の記憶と存在,放課後の高校生活を通じて、記憶の形成とその重要性が描かれる。
2012:20,2012,20,"幸せ 成る, 恋人 成る, 彼氏 出来る, 私-代名詞 幼馴染み, 此れ 恋",1,幼馴染みとの恋愛,幼馴染みとの関係が恋愛に発展し、幸せを感じる様子が描かれている。
2012:21,2012,21,"勇者 英雄, 貰う 勇者, 錬金 術, 因る 城, 少年 日",2,勇者と錬金術の少年,少年が勇者として成長し、錬金術を駆使して城を守る物語。
2012:24,2012,24,"歳 冒険, 老後, 頃 夢, 若い 頃, 者 引退",1,若き日の夢と老後の冒険,若い頃の夢を追い求める冒険と、引退後の人生を考えるテーマを探求する。
2012:25,2012,25,"独身, 気侭 生活, 為る 物語, 感想 個別, 生活 為る",1,独身生活の気侭さ,独身であることの自由さや気侭な生活を描いた物語に対する個別の感想を探求する。
2012:26,2012,26,"魔法 世界, 冒険 生活, 居る 帝国, 此れ 前世, 世界 秘密",5,魔法と冒険の帝国,前世の秘密を抱える主人公が、魔法の世界で冒険しながら帝国の真実に迫る物語。
2012:27,2012,27,"居る 竜, 有る 竜, 有る ドラゴン-dragon, 古 竜, 竜 族",1,ドラゴンの存在と文化,ドラゴンに関する神話や伝説を通じて、古代からの文化的な影響とその象徴的な意味を探る。
2012:28,2012,28,"世界 飛ばす, 運命 神, 信仰 為る, ※ 書籍, 育成 為る",1,運命と信仰の育成,運命を神に委ね、信仰を通じて世界を飛ばす力を育む過程を描く。
2012:30,2012,30,"魔力, 魔力 ゼロ-zero, 為る 無限, 世 珍しい, 才能 無し",3,魔力と才能の逆説,魔力がゼロの世界で、無限の可能性を秘めた珍しい才能の探求を描く物語。
2012:31,2012,31,"魔王 勇者, ドラゴン-dragon 魔王, 世界 迷い込む, 世界 屈指, ゲーム-game 神",3,魔王と勇者の冒険,勇者が魔王とドラゴンのいる異世界に迷い込み、ゲームのような戦いを繰り広げる物語。
2012:33,2012,33,"見知る 異, 登場 人物, 人間 らしい, 能力 無い, 死ぬ 目",1,人間の無力と死,登場人物が異なる視点から人間らしさを探求し、無力さや死の目に直面する様子を描いている。
2012:34,2012,34,"コンビニ-convenience 強盗, 強盗, チート-cheat 貰う, 居る 異, コンビニ-convenience",2,コンビニ強盗の心理,コンビニでの強盗行為とその背後にある心理や社会的要因を探る。
2012:36,2012,36,"迷宮 都市, 世界 迷宮, 迷宮, 大 迷宮, 洞窟 中",1,迷宮と都市の関係,迷宮が象徴する都市の複雑さや人間の探求心を探る。迷宮は世界の中での自己探求の象徴として機能する。
2012:41,2012,41,"宝石, http ：, 挿し絵, ゴブリン-goblin, 美形",2,美形ゴブリンの宝石物語,美形のゴブリンが宝石を巡る冒険を描いた物語で、挿し絵が魅力的に物語を彩る。
2012:42,2012,42,"僕 親友, 唯一 友達, 親友 居る, 僕 死ぬ, 死ぬ 仕舞う",1,親友との絆と死,主人公は唯一の親友との関係を描き、死を迎えることでその絆の重要性を再認識する物語。
2012:43,2012,43,"王位 継承, 侯爵 夫人, クイーン-queen, 王位, 国王 陛下",1,王位継承の葛藤,侯爵夫人と国王陛下の間で繰り広げられる王位継承に関する複雑な人間関係と権力闘争を描く物語。
2012:44,2012,44,"教授, 為る 教師, 女王 様, 悪役 令嬢, まったり 学園",1,学園生活と悪役令嬢,教授や教師、女王様が登場するまったりとした学園生活を描いた物語。悪役令嬢の視点から展開される。
2012:46,2012,46,"突然 婚約, どう 婚約, 私-代名詞 婚約, 悟る 婚約, 成る 婚約",1,婚約の突然な変化,突然の婚約に戸惑い、自己を見つめ直す過程を描く物語。
2012:47,2012,47,"幼馴染み 有る, 成る 伯爵, 男爵 家, 彼女 知る, 結婚 為る",1,幼馴染みの結婚物語,幼馴染みの彼女と伯爵家の男爵が結婚する過程を描いた物語。彼女の成長と二人の絆がテーマ。
2012:48,2012,48,"妹 身代わり, 妹 婚約, ヒロイン-heroine 妹, 二 王子, 兄弟 居る",1,妹の身代わりと婚約,兄弟がいる中で、妹が身代わりとなり婚約する物語。ヒロインとしての葛藤と成長が描かれる。
2012:50,2012,50,"世界 魔物, 私-代名詞 死ぬ, ゲーム-game 似る, 乙女 ゲーム-game, 得る 世界",1,ゲームと自己認識の交差,乙女ゲームにおける私-代名詞の使用が、プレイヤーの死や魔物との関係を通じて新たな世界観を得る様子を探る。
2013:0,2013,0,"ゲーム-game 機, 居る ゲーム-game, 為 ゲーム-game, 仮想, 為る ゲーム-game",42,仮想世界のゲーム体験,2013年のゲームにおける仮想世界の重要性と、プレイヤーの存在意義について考察する。
2013:1,2013,1,"☆ 小説, 為 本編, 魔王 成る, ファンタジア-fantasia, http",25,魔王の成長物語,小説『ファンタジア』では、主人公が魔王として成長する過程を描き、冒険と葛藤を通じて自己を見つける物語が展開される。
2013:2,2013,2,"姫 達, 美姫, 妖精 達, 妖精, 彼女 人生",8,妖精と姫の人生,姫たちと妖精たちの交流を通じて、彼女たちの人生や成長が描かれる物語。
2013:3,2013,3,"前世 日本, 魔物 跋扈, ？ 魔王, 迷宮 都市, 世界 呼び出す",19,異世界の迷宮と魔物,前世の記憶を持つ主人公が、魔物が跋扈する迷宮都市で魔王を呼び出し、運命に立ち向かう物語。
2013:4,2013,4,"魔法 扱う, 魔法 名門, 世界 魔法, 魔法 放つ, 魔法 目覚める",10,魔法の覚醒と名門,魔法を扱う名門の家系が、世界での魔法の力を目覚めさせる物語。
2013:5,2013,5,"公爵 令嬢, 公爵 家, 王子 婚約, 二 王子, 王子",3,公爵家の婚約物語,公爵家の令嬢と二人の王子との婚約を巡る複雑な人間関係と恋愛模様を描いた物語。
2013:6,2013,6,"パーティー-party 追放, パーティー-party 追い出す, パーティー-party リーダー-leader, 元 パーティー-party, 者 パーティー-party",1,パーティーの追放とリーダーシップ,パーティー内での追放やリーダーの役割に焦点を当て、元メンバーの影響を探る。
2013:7,2013,7,"スキル-skill 御, ！ スキル-skill, 唯一 趣味, 奮闘 物語, 偽善",5,スキルと偽善の物語,趣味を通じてスキルを磨く主人公が、偽善に直面し奮闘する物語。
2013:8,2013,8,"アナ-announcer, ヒロイン-heroine 有る, リリー-lily アナ-announcer, 乙女 ゲーム-game, ヒロイン-heroine ライバル-rival",7,乙女ゲームのヒロインとライバル,乙女ゲームにおけるヒロインとライバルの関係を探求し、アナウンサーとしての役割を考察する。
2013:10,2013,10,"彼 勇者, 勇者 無い, 目 生, 彼 生きる, 歳 死ぬ",4,勇者の存在と生死,彼は勇者ではないが、生きるために戦い、歳を重ねる中で死を意識する。
2013:11,2013,11,"聖 騎士, 聖 剣, 英雄 達, 中 聖, 強大 敵",1,聖騎士と英雄の戦い,聖騎士たちが聖剣を手に、強大な敵に立ち向かう中世の英雄譚を描く物語。
2013:12,2013,12,"巫女姫, 聖女 成る, 女神, 新しい 聖女, 偽 聖女",1,聖女と偽聖女の対比,巫女姫が新しい聖女としての役割を果たし、偽聖女との対立を通じて女神の意義を探求する物語。
2013:13,2013,13,"ゲーム-game モブ, ゲーム-game 世界, ゲーム-game ライフ-life, 乙女 ゲーム-game, ゲー-game",9,ゲームとライフの交差,ゲームの世界と現実の生活が交錯する中で、乙女ゲームを通じたキャラクターのモブ化やプレイヤーの体験が探求される。
2013:14,2013,14,"二 王子, 一 王子, 皇太子, 侯爵 令嬢, 王子",1,王子と侯爵令嬢の物語,二人の王子と侯爵令嬢の関係を描き、権力と愛の葛藤を探る物語。
2013:15,2013,15,"人生 今度, 生きる 思う, 不尽 世界, 世界 住む, 魂",6,人生と魂の探求,人生を生きる中での思いや、不尽な世界に住む魂の葛藤を描いた作品。
2013:16,2013,16,"人 少年, 後 物語, 時 魔法, 迷宮 都市, 物語 ファンタジー-fantasy",6,魔法と迷宮の少年物語,少年が魔法の迷宮都市で繰り広げる冒険を描いたファンタジー物語。
2013:18,2013,18,"夫 愛する, 婚姻 結ぶ, 私-代名詞 結婚, 婚姻, 結婚 為る",1,愛と婚姻の関係,夫を愛し、婚姻を結ぶことに焦点を当て、私の視点から結婚の意義を探る。
2013:19,2013,19,"生徒 達, 学校 通う, 物語 異, 特異 能力, 居る 学校",4,特異能力を持つ生徒たち,特異な能力を持つ生徒たちが通う学校での物語を描く。
2013:20,2013,20,"美 少年, 令嬢 御, ？ 女の子, 幼馴染み 居る, 僕 親友",1,幼馴染と令嬢の恋,美少年と幼馴染の僕が、令嬢との関係に悩む物語。友情と恋愛の葛藤が描かれる。
2013:21,2013,21,"挫折 為る, 突然 無能, 勇者 様, 幼馴染み 告白, 少年 異",3,挫折と成長の物語,幼馴染みへの告白を通じて、少年が突然の無能感と挫折を経験し、勇者としての成長を遂げる物語。
2013:22,2013,22,"転生 王子, 王子, 七 王子, 成る 王国, 王族",4,転生した王子の物語,転生した王子が七人の王子たちと共に、王国を成すための冒険と成長を描く物語。
2013:23,2013,23,"王子 殿下, 為る 王子, 王子 妃, 二 王子, 王太子 有る",1,王子と王太子の物語,王子とその妃、王太子の存在を巡る物語が展開され、王族の複雑な人間関係が描かれる。
2013:25,2013,25,"前代 未聞, 歳 異, 私-代名詞 気, ＝ 年齢, 女 異",3,異なる視点の年齢観,前代未聞の視点から、私たちの年齢や性別に対する認識の違いを探求する。
2013:27,2013,27,"有る ドラゴン-dragon, 竜 人, 竜 族, ドラゴン-dragon, 竜 言う",4,ドラゴンと人間の関係,ドラゴンと人間、竜族の存在が描かれ、彼らの相互作用や文化が探求される物語。
2013:28,2013,28,"世界 女神, 彼 選ぶ, 為る 地球, 物 信ずる, 第 七",2,女神と地球の選択,物質を信じる彼が、世界の女神によって選ばれることで、地球の運命が変わる物語。
2013:30,2013,30,"魔法 世界, 魔法 才能, 剣 魔法, 妖精, 大 魔王",1,魔法と冒険の世界,魔法の才能を持つ者たちが、剣と魔法を駆使して妖精や大魔王と戦う冒険を描く物語。
2013:31,2013,31,"ファンタジー-fantasy 世界, 冒険 活劇, ゾンビ-zombie, 世界 謎, 社 モンスター-monster",4,ファンタジー冒険とゾンビ,ファンタジー世界での冒険活劇が展開され、ゾンビやモンスターが登場する謎に満ちた物語。
2013:32,2013,32,"呆気ない 死ぬ, 為る 失意, 生まれる 世界, 物語 人, 反映 為る",3,失意と生の物語,呆気ない死を迎える中で、失意を抱えた人々が新たな世界を生み出し、物語が反映される様子を描く。
2013:33,2013,33,"つ 物語, 世界 旅立つ, 悲劇, 下さる 世界, 世界 登場",3,物語の旅立ちと悲劇,物語が新たな世界へ旅立つ中で、悲劇的な出来事が展開され、登場人物たちの運命が交錯する様子を描く。
2013:34,2013,34,"社員, 会社 出勤, 雇う, アルバイト-Arbeit, 職場",1,職場の雇用形態,社員とアルバイトの出勤状況や雇用の違いについて考察する。
2013:35,2013,35,"祖父 様, 両親 死, 持つ 生まれる, 寂しい 無い, 結末 迎える",3,孤独と家族の絆,祖父と両親を失った主人公が、孤独を抱えながらも新たな人生の結末を迎える物語。
2013:36,2013,36,"迷宮 挑む, 迷宮 探索, 迷宮 中, 迷宮 潜る, 大 迷宮",4,迷宮の探索と挑戦,迷宮を探索し、挑むことで新たな発見や成長を遂げる過程を描く。
2013:37,2013,37,"公爵 令嬢, 国王 成る, 王太子, 王子, 侯爵 家",1,王族と侯爵家の葛藤,公爵令嬢が国王となる王太子や王子との関係を通じて、侯爵家との権力争いが描かれる物語。
2013:38,2013,38,"猫 為る, 為る 猫, 猫 成る, 猫 姿, 子猫",2,猫の存在と成長,猫が成長する過程や姿を描き、彼らの存在が持つ意味を探求する。
2013:39,2013,39,"魔法 覚える, 魔術 師, 魔術 極める, 成る 魔法, 師 魔術",2,魔法と魔術の修行,魔法を覚え、魔術を極める過程を描く物語。魔法師として成長する主人公の奮闘を描写。
2013:40,2013,40,"魔獣, 行く 書籍, 精霊 さん, 鷲, 迷宮 迷宮",1,魔獣と精霊の迷宮,魔獣と精霊が共存する迷宮を舞台に、冒険者たちが試練に挑む物語。鷲の存在が鍵となる。
2013:41,2013,41,"魔力 枯渇, 魔境, 勇者 英雄, 使う 魔力, 魔力",1,魔力の枯渇と勇者の試練,魔力が枯渇した魔境で、勇者が英雄としての力を試される物語。
2013:43,2013,43,"侯爵 夫人, 王位 継承, 男爵 家, 国王 陛下, クイーン-queen",1,王位継承と貴族の関係,侯爵夫人と男爵家の関係を通じて、国王陛下の王位継承問題が描かれる物語。
2013:49,2013,49,"自暴 自棄, 転移 者, 意図, 生きる 為, スキル-skill 俺",1,自暴自棄と生きる意図,自暴自棄の転移者が生きるための意図を持ち、スキルを磨く過程を描く。
2013:50,2013,50,"言う ゲーム-game, 私-代名詞 死ぬ, 乙女 ゲー-game, 人生 謳歌, ゲー-game",3,ゲームと人生の謳歌,乙女ゲームを通じて、自己表現や人生の楽しみを探求するテーマが描かれる。
2013:51,2013,51,"貴族 男, 世界 ファンタジー-fantasy, 人 御, ファンタジー-fantasy 世界, 為る 日常",1,貴族と日常のファンタジー,貴族男性がファンタジー世界で日常生活を送る様子を描く物語。
2014:0,2014,0,"居る ゲーム-game, ゲーム-game 中, 公 ゲーム-game, ゲーム-game 内, デス-death ゲーム-game",33,ゲーム内の存在と死,ゲーム内でのキャラクターの存在と死の概念について探求する。
2014:1,2014,1,"コミック-comic next, コミック-comic 1, 様 漫画, ファンタジー-fantasy 乙女, キャラ-character",18,ファンタジー乙女漫画の魅力,2014年のコミックにおけるファンタジー乙女ジャンルのキャラクターとストーリーの特徴を探る。
2014:2,2014,2,"魔女, 女 魔法, 巫女, 剣 姫, 姫 騎士",19,魔女と女性の力,魔女や巫女、剣姫、姫騎士など、女性キャラクターが持つ魔法や戦士としての力を探求する。
2014:3,2014,3,"日本 有る, 現代 日本, 因る 日本, 日本 人, 日本 返る",18,現代日本のアイデンティティ,2014年の日本における現代のアイデンティティの形成とその影響を探る。
2014:4,2014,4,"魔術 師, 魔法 使い, 魔法 呼ぶ, 魔法 使う, 魔法 効果",14,魔法とその使い手,魔術師や魔法使いが魔法を呼び起こし、様々な効果を発揮する様子を探求する。
2014:5,2014,5,"皇太子 殿下, 二 王子, 王子, 馬鹿 王子, 男爵 令嬢",6,王子と令嬢の物語,皇太子殿下と二人の王子、馬鹿王子と男爵令嬢との関係を描いた物語。
2014:7,2014,7,"秘める 才能, スキル-skill 貰う, 魔法 支配, 使う スキル-skill, 自身 力",6,秘められた魔法の才能,自身の力を使い、秘めた才能をスキルとして支配し、他者から得ることの重要性を探る物語。
2014:8,2014,8,"前世 乙女, アリス-外国, 令嬢 転生, クイーン-queen, レディー-lady",12,転生した乙女の冒険,異世界に転生した令嬢が、前世の記憶を持ちながら新たな人生を切り開く物語。
2014:9,2014,9,"学生 生活, 中学 時代, 高校 生活, 学園 生活, 居る 学園",3,学園生活の回想,中学から高校にかけての学生生活を振り返り、学園での思い出や成長を描写する。
2014:10,2014,10,"勇者 嘗て, 元 魔王, 貴族 為る, 勇者 元, 不幸 人生",7,勇者と元魔王の運命,かつての勇者が元魔王となり、貴族としての人生を歩む中で、不幸な運命に翻弄される様子を描く物語。
2014:11,2014,11,"魔王 討伐, 魔族 勢力, 魔王 死ぬ, 人 魔族, 間 魔王",8,魔王討伐の物語,魔族の勢力と人間の戦いを描き、魔王の死がもたらす影響を探る物語。
2014:12,2014,12,"達 聖女, 皇国, 世界 勇者, 為る 勇者, 対抗 為る",2,勇者と聖女の対抗,皇国を舞台に、勇者と聖女が対抗し、世界の運命を賭けた戦いが繰り広げられる物語。
2014:13,2014,13,"ゲーム-game 悪役, 前世 ゲーム-game, 其れ ゲーム-game, ゲーム-game 主人, ゲーム-game 名前",6,ゲームにおける悪役の役割,前世の記憶を持つ主人公が、ゲーム内で悪役と対峙し、名前や役割を通じて物語が展開する。
2014:14,2014,14,"王太子, 皇太子, 大 貴族, 王女, 皇后",1,王族と貴族の関係,2014年のテーマは、王太子や皇太子、大貴族、王女、皇后などの王族と貴族の関係性を探るものです。
2014:15,2014,15,"世界 放り込む, 迷い込む 居る, 人生 歩む, 歳 人生, 現われる 私-代名詞",6,人生の迷いと自己探求,人生の中で迷い込みながらも、自らの存在を見つけ出す過程を描く。
2014:16,2014,16,"少年 前世, 少年 世界, 幼馴染み 其れ, 少年 異, 成る 物語",7,少年の前世と異世界,幼馴染みとの絆を通じて、少年が前世の記憶を持ち異世界で成長する物語。
2014:17,2014,17,"居る 弟, 双子 妹, 両親 妹, 兄弟, 姉妹",2,兄弟姉妹の絆,双子の妹と兄弟の関係を通じて、家族の絆や愛情の複雑さを描く物語。
2014:18,2014,18,"婚約 破棄, 下さる 婚約, 出来る 婚約, 嫁ぐ 来る, 縁 切る",9,婚約とその破棄,婚約の成立や破棄、嫁ぐことに伴う縁の切れ目について考察する。
2014:19,2014,19,"教室, 学園 其処, 居る クラスメート-classmate, ファンタジック, 女子 生徒",6,ファンタジックな学園生活,女子生徒たちが教室で繰り広げるファンタジックな日常と友情の物語。
2014:20,2014,20,"一緒 暮らす, 恋 友情, 御 互い, 幼馴染み 居る, 再婚 因る",2,幼馴染みとの再婚,幼馴染みと再婚した二人が、恋と友情を育みながら共に暮らす様子を描く物語。
2014:21,2014,21,"者 育成, 召喚 儀式, 育成 為る, 邪神, 聖職",5,邪神召喚と育成の儀式,邪神を召喚し育成するための儀式を通じて、聖職者の役割や責任が探求される物語。
2014:22,2014,22,"転生 王子, 王国 第, 掛ける 魔王, 七 王子, 為る 魔",2,転生した王子の冒険,転生した王子が魔王と戦い、七つの王国を救うために奮闘する物語。
2014:23,2014,23,"王子 殿下, 王子 妃, 二 王子, 王子, 公爵 家",1,王子と公爵家の物語,王子とその妃、二王子、そして公爵家との関係を描いた物語。
2014:25,2014,25,"為る 恋, 恋 為る, 違い 恋, 恋愛 要素, 身分 違い",2,身分の違いと恋愛,身分の違いが恋愛に与える影響を探り、恋の成り立ちや要素の違いを考察する。
2014:26,2014,26,"人 魔族, 神話, 巻き込む 命, 世界 剣, 気侭 人生",5,神話と人の交錯,人と魔族が織りなす神話的な世界で、運命に巻き込まれた者たちの気侭な人生を描く物語。
2014:28,2014,28,"運命 神, 物語 神, 有る 神, 運命 抗う, 魂 異",3,運命と神の物語,運命に抗う魂の物語を通じて、神の存在と人間の選択の関係を探求する。
2014:30,2014,30,"魔獣 襲う, 大 魔王, 為る 迷宮, 出来る ファンタジー-fantasy, 他 魔王",5,魔獣と大魔王の迷宮,ファンタジーの世界で、魔獣が襲う迷宮に挑む大魔王と他の魔王たちの物語。
2014:31,2014,31,"魔女 魔法, 世界 ファンタジー-fantasy, 成る 迷宮, 世界 魔王, 邪竜",1,魔女と魔法の迷宮,魔女が魔法を駆使し、ファンタジー世界で魔王や邪竜と戦う迷宮の冒険を描く物語。
2014:32,2014,32,"苦しめる, 彼 死, リハビリ-rehabilitation, 人生 送る, 迎える 事",1,苦しみと再生の旅,彼の死がもたらした苦しみを乗り越え、リハビリを通じて新たな人生を迎える過程を描く。
2014:33,2014,33,"一流 冒険, 者 目指す, 登場 人物, 成る 世界, 物 人生",2,一流の冒険者の人生,一流の冒険者を目指す登場人物が、様々な試練を通じて成長し、世界を探求する物語。
2014:34,2014,34,"同棲, アルバイト-Arbeit, 友人, 退魔 師, 作家",1,同棲と創作の葛藤,同棲生活を送りながらアルバイトをし、友人や退魔師としての経験を通じて作家としての成長を描く物語。
2014:35,2014,35,"運命 翻弄, 成る 娘, 俺 どう, 今日 娘, 子 達",1,運命に翻弄される娘,運命に翻弄される娘の成長と葛藤を描き、彼女が直面する困難と家族との関係を探る物語。
2014:39,2014,39,"魔術 学校, 魔法 名門, 魔術 存在, 魔法 開発, 魔法 極める",3,魔法学校の名門と成長,魔法の存在と開発をテーマに、名門魔法学校での成長と挑戦を描く物語。
2014:40,2014,40,"文鳥, 魔獣, コミック-comic 3, 日 コミック-comic, 世界 召喚",2,文鳥と魔獣の召喚,2014年のコミック作品で、文鳥と魔獣が登場し、異世界召喚の冒険が描かれる。
2014:43,2014,43,"公爵 令嬢, 侯爵 夫人, 王位 継承, クイーン-queen, 国王 陛下",1,王位継承と貴族の葛藤,公爵令嬢と侯爵夫人の間で繰り広げられる王位継承を巡る権力争いと、国王陛下の意向が交錯する物語。
2014:45,2014,45,"継母, 家族 有る, 侯爵 家, 為る 伯母, 二 王子",1,継母と家族の物語,侯爵家における継母と二人の王子の関係を描き、家族の絆や葛藤を探求する物語。
2014:47,2014,47,"妻 成る, 王妃 成る, 歳 婚約, 双子 姉, 侯爵 夫人",1,運命の婚約と家族,双子の姉妹が侯爵夫人と王妃としての運命を背負い、結婚を通じて家族の絆と役割を探求する物語。
2014:48,2014,48,"ヒロイン-heroine 妹, 母 妹, 兄弟 居る, 伯爵 家, neo 書籍",1,家族とヒロインの葛藤,伯爵家の妹と母、兄弟の関係を描き、ヒロインの成長と葛藤を探る物語。
2014:50,2014,50,"ゲーム-game 転生, ゲーム-game 君, ゲーム-game 有る, 世界 落とす, 隠しキャラ",3,ゲームの転生と隠しキャラ,ゲーム内での転生や隠しキャラの存在が、プレイヤーの体験や物語に与える影響を探る。
2014:51,2014,51,"人格, 性癖, 優しい 少年, 価値 観, 世界 前世",2,前世と人格の探求,優しい少年が前世の記憶を通じて、自身の人格や性癖、価値観を再評価し、世界との関わりを模索する物語。
2015:0,2015,0,"私-代名詞 ゲーム-game, ゲーム-game 参加, 居る ゲーム-game, ゲーム-game 内, ゲー-game",35,ゲーム内の自己表現,ゲーム内での私という代名詞を通じて、参加者の自己表現や存在感が探求される。
2015:1,2015,1,"！ コミック-comic, 舎 コミック-comic, コミック-comic ウォーカー-walker, 巻 2018, 巻 2019",40,コミックの進化と影響,2015年以降のコミックの発展と、特に2018年と2019年の作品が文化に与えた影響について考察する。
2015:2,2015,2,"魔族 少女, 魔法 少女, 魔女 呪い, 魔女, 魔法 使い",22,魔法少女と呪いの物語,魔族や魔法を使う少女たちが、魔女の呪いに立ち向かう冒険を描いた物語。
2015:3,2015,3,"日本 人, ストーリー-story ！, ユキムラ, 世界 転移, 平成",26,日本の異世界転移物語,平成時代の日本人が異世界に転移し、ユキムラの冒険を描くストーリー。
2015:4,2015,4,"魔法 使い手, 魔術 師, 有る 魔法, 魔法 スキル-skill, 為 魔法",11,魔法使いとその技術,2015年のテーマは魔法使いとその魔法スキルに焦点を当て、魔術師の役割や能力について探求する。
2015:5,2015,5,"王子 婚約, 仕舞う 公爵, 伯爵 令嬢, 令嬢 婚約, 王立",4,王子と令嬢の婚約,王子と伯爵令嬢の婚約を巡る物語。公爵が仕舞う運命が絡み合い、王立の権力と愛の葛藤が描かれる。
2015:7,2015,7,"無い スキル-skill, スキル-skill 有る, スキル-skill 持つ, 居る スキル-skill, 言う スキル-skill",8,スキルの有無と影響,スキルの有無が個人や社会に与える影響について考察する。
2015:8,2015,8,"前世 乙女, 生きる 少女, シンデレラ-Cinderella ストーリー-story, 英雄 物語, レディー-lady",7,前世とシンデレラの物語,前世を持つ乙女が、シンデレラのように困難を乗り越え成長する英雄物語。
2015:9,2015,9,"成る 女の子, 男 彼女, 彼 高校, 腐 女子, 有る 親友",3,高校生の友情と恋愛,高校生活を通じて、女の子と男の彼女、腐女子の視点から描かれる友情と恋愛の葛藤。
2015:10,2015,10,"貧乏 貴族, 彼 前世, 豊か 為る, 領主 成る, 貰う 勇者",3,貧乏貴族の転生物語,前世で貧乏だった貴族が、勇者として豊かになるために領主となる物語。
2015:11,2015,11,"遣る 魔王, 人 魔王, 魔王 能力, 人間 魔族, 魔王 軍",6,魔王と人間の関係,魔王と人間、魔族の対立や共存を描き、魔王の能力や軍の存在が人間社会に与える影響を探る物語。
2015:12,2015,12,"居る 聖女, 聖女 成る, 聖女 有る, 聖女 召喚, 偽 聖女",1,聖女の存在と役割,聖女の存在や召喚、偽聖女の概念を通じて、聖女が持つ多様な役割とその影響を探る。
2015:13,2015,13,"言う 運命, 前世 妹, 前世 自分, ゲーム-game 世界, 令嬢 私-代名詞",5,前世と運命のゲーム,前世の妹や自分との関係を探る中で、運命を変えるためのゲーム世界での冒険が描かれる。
2015:14,2015,14,"居る 王子, 王道 恋愛, 女王, 王女, 者 裏切る",4,裏切りと恋愛の王道,王子と王女の恋愛を描く中で、裏切りがもたらす葛藤と成長を探求する物語。
2015:15,2015,15,"生活 記, 女神 ミス-mistake, 世界 放り込む, 通り魔 差す-他動詞, 居る 化け物",8,生活と化け物の交錯,生活の中に潜む化け物や女神の存在が、通り魔のように人々の世界に影響を与える様子を描く。
2015:16,2015,16,"中 少年, 少年 世界, 為 迷宮, 為る 支配, 事 物語",6,少年の迷宮と支配,中少年が迷宮に迷い込み、支配と物語の中で成長する様子を描く。
2015:17,2015,17,"為る 妹, 仕舞う 妹, 為る 姉, 両親 妹, 無い 姉",2,姉妹の関係性,姉妹の間での役割や感情の変化を描き、両親との関係も影響する様子を探る。
2015:18,2015,18,"婚約 破棄, 婚約 解消, 私-代名詞 婚約, 成る 婚約, 私-代名詞 結婚",3,婚約と私の関係,婚約の破棄や解消に伴う私の感情やアイデンティティの変化を探る。
2015:19,2015,19,"少年 英雄, 下校 中, 生徒 達, 高校 生徒, 級 スキル-skill",6,高校生の英雄譚,高校生たちが下校中に直面する困難を乗り越え、友情や成長を通じて英雄的な行動を示す物語。
2015:20,2015,20,"友達 成る, 恋人 成る, 此れ 恋, クリスマス-Christmas, 有る 曰く",1,友達から恋人へ,クリスマスを背景に、友達から恋人へと変わる関係の葛藤と喜びを描いた物語。
2015:21,2015,21,"生徒 居る, 授業 中, クラス-class 有る, 学園 中, 生徒 達",5,学園の授業と生徒たち,2015年の学園における授業中の生徒たちの様子やクラスの存在について探求する。
2015:22,2015,22,"国王 有る, 王子 有る, 王国 第, 居る 王国, 貧乏 貴族",2,貧乏貴族と王国の葛藤,貧乏な貴族が王国での地位を維持しようと奮闘する中、国王と王子との関係が複雑に絡み合う物語。
2015:23,2015,23,"様 王妃, 三 王子, 小国 王女, 娶る, 国 王太子",4,王妃と王子の物語,小国の王女が王妃となり、三人の王子との関係を描く物語。
2015:24,2015,24,"歳 冒険, 因る 才能, 者 養成, スキル-skill 目覚める, 魔法 知る",5,魔法と才能の冒険,若者が冒険を通じて自らの才能を発見し、スキルを磨く物語。
2015:25,2015,25,"恋 為る, 恋愛 要素, ラブコメ-love comedy, 終わる 私-代名詞, 飼い殺す",2,恋愛と自己認識の葛藤,恋愛要素を含むラブコメにおいて、自己のアイデンティティと恋愛の終焉が交錯し、感情の飼い殺しが描かれる。
2015:26,2015,26,"マジック-magic, 知る 冒険, 有る 魔族, 公 謎, 世界 住人",4,魔族の冒険と謎,魔族が住む世界での冒険を通じて、未知の謎を知ることがテーマの物語。
2015:27,2015,27,"居る 竜, 有る 竜, 有る ドラゴン-dragon, 為る 竜, ドラゴン-dragon",2,ドラゴンの存在意義,ドラゴンの存在と役割について探求し、文化や物語における象徴性を考察する。
2015:28,2015,28,"神 殺す, 其処 神, 神 達, 本当 神, 魔力 有り余る",5,神と魔力の対立,神々と人間の関係を描き、魔力を持つ者が神を殺すというテーマを探求する物語。
2015:30,2015,30,"一体 魔物, 魔法 目覚める, 迷宮 主, 強い 魔物, 周辺 魔物",6,魔物と迷宮の覚醒,強力な魔物が目覚め、迷宮の主として周辺の魔物を支配する物語。
2015:32,2015,32,"老人, 困惑 為る, 事 戸惑う, 部屋 中, 転生 言う",1,老人の転生と戸惑い,老人が転生を経験し、戸惑いながら新たな生活を模索する様子を描く物語。
2015:34,2015,34,"上司, ラスボス-last boss, 社長, さん 御, 御 相手",2,上司との関係性,上司や社長との関係を描き、職場における権力や影響力のダイナミクスを探る。
2015:35,2015,35,"世界 飛び出す, 家 出る, 離宮, 祖父 様, 没落",1,没落と新たな世界,祖父の離宮を出て、没落した家族の歴史を背負いながら新たな世界に飛び出す物語。
2015:37,2015,37,"公爵 令嬢, 公爵 家, 王太子 婚約, 本 読む, 王族",1,王族と恋の葛藤,公爵令嬢と王太子の婚約を巡る物語。家柄や立場の違いが二人の関係に影響を与え、彼女は本を通じて自らの運命を模索する。
2015:38,2015,38,"猫 為る, 猫 成る, 獣人, キャラ-character 成る, 最強 キャラ-character",2,猫と獣人の最強キャラ,猫が獣人として最強キャラに成る過程を描いた物語。キャラクターの成長と変化がテーマ。
2015:39,2015,39,"公 魔法, 魔法 使い, 魔術 士, 魔法 得る, 魔力 言う",3,魔法と公正の探求,魔法使いや魔術士が公正に魔力を得る過程を描き、力の使い方とその影響を考察する。
2015:40,2015,40,"迷宮 中, 魔獣, 大 迷宮, 迷宮, 迷宮 迷宮",2,迷宮と魔獣の探求,大迷宮の中で繰り広げられる冒険と、魔獣との遭遇を描いた物語。
2015:41,2015,41,"行く 冒険, 追記 書籍, 女神 貰う, 人形 様, 魔力 無し",4,冒険と魔力の探求,2015年の作品では、女神からの贈り物や人形の冒険を通じて、魔力の無さをテーマにした物語が描かれています。
2015:44,2015,44,"学園 内, 性別 偽る, 生徒 達, 他 生徒, 主義 者",2,学園内の性別偽装,学園内で性別を偽る生徒たちの葛藤と、彼らの主義者としての立場が描かれる物語。
2015:45,2015,45,"幼い 妹, 継母, ラブストーリー, 侯爵 家, 姉 因る",1,家族と愛の葛藤,幼い妹と継母の関係を描いたラブストーリー。侯爵家の姉が引き起こす複雑な感情が物語の中心となる。
2015:49,2015,49,"生き残る 事, 自暴 自棄, 失敗, 人生 設計, 挑戦 為る",2,挑戦と失敗の人生,自暴自棄になりながらも、人生設計を見直し、生き残るための挑戦を続ける姿を描く。
2015:51,2015,51,"中年 男性, 中年 男, 出会う 人, 的 世界, 発想",2,中年男性の出会いと発想,中年男性が出会う人々との関係を通じて、彼らの内面的な世界や新たな発想がどのように形成されるかを探る。
2016:0,2016,0,"ゲー-game 世界, 有る ゲーム-game, 居る ゲーム-game, ゲーム-game 内, ゲー-game",45,ゲームの存在と世界,ゲーム内での存在や世界観について探求し、プレイヤーの体験を考察する。
2016:1,2016,1,"！ 書籍, 小説 家, ブック-book 様, 発売 予定, ページ-page",42,書籍発売予定の小説,2016年に発売予定の小説に関する情報を提供するページです。
2016:2,2016,2,"魔女, 魔女 為る, 魔法 使い, 世界 彼女, 少女 奴隷",24,魔女と少女の運命,魔女としての力を持つ少女が、奴隷としての運命に抗いながら、自身の世界を切り開く物語。
2016:3,2016,3,"日本 歴史, 日本 人, 現代 日本, 為る 日本, 本能 寺",21,現代日本の歴史的探求,現代日本における歴史的背景と日本人の本能を探求し、文化的アイデンティティを考察する。
2016:4,2016,4,"魔法 学校, 古代 魔法, 魔術 師, 魔法 学院, 魔法 使い",17,魔法学校の古代魔法,古代魔法を学ぶ魔法学校での魔術師たちの成長と冒険を描く物語。
2016:5,2016,5,"王太子 妃, 公爵 令嬢, 王女, 王国 王女, 王妃",9,王族の恋愛と権力,王太子妃や公爵令嬢、王女たちの恋愛模様と権力闘争を描いた物語。
2016:6,2016,6,"勇者 仲間, 魔王 戦う, パーティー-party 追い出す, 事 魔王, 異邦 人",3,勇者と仲間の葛藤,勇者が仲間を追い出し、魔王と戦う中で異邦人との関係が試される物語。
2016:7,2016,7,"者 冒険, スキル-skill 呉れる, スキル-skill 思う, スキル-skill 御, チート-cheat スキル-skill",11,冒険者のスキル獲得,冒険者がチートスキルを得ることで、自己の能力を高め、冒険を有利に進める様子を描写している。
2016:8,2016,8,"世界 乙女, 運命 変える, 小説 様, ゲーム-game シナリオ-scenario, 少女 何",3,運命を変える少女の物語,世界を舞台に、運命を変える乙女たちの冒険を描いた小説とゲームのシナリオ。
2016:9,2016,9,"生徒 居る, 幼馴染み 美, 高校 生活, 学校 生活, 男子 生徒",13,高校生活と幼馴染みの美,高校生活を舞台に、男子生徒と幼馴染みの美との関係を描く物語。
2016:10,2016,10,"其処 生活, 人類 滅亡, 共 勇者, 死ぬ 仕舞う, 加害 者",10,人類の滅亡と勇者,人類の滅亡を背景に、生活の中で勇者としての役割を果たす加害者の葛藤を描く。
2016:11,2016,11,"魔王 人間, 魔王 打ち取る, 魔導 王, 魔王 言う, 為る 魔王",14,魔王と人間の対立,魔王と人間の関係を描き、魔王が人間を打ち取る様子やその言葉を通じて、力と支配のテーマを探求する。
2016:12,2016,12,"偽 聖女, 聖女 成る, 実 聖女, 聖女 有る, 為る 聖女",1,聖女の実像と偽像,聖女の概念を探求し、偽りの聖女と真の聖女の違いを考察する。
2016:13,2016,13,"ゲーム-game ヒロイン-heroine, ゲーム-game シナリオ-scenario, ゲーム-game 未, 乙女 ゲーム-game, ゲーム-game 攻略",3,乙女ゲームのシナリオ分析,2016年の乙女ゲームにおけるヒロインやシナリオの特徴と攻略法について考察する。
2016:14,2016,14,"次期 王妃, 二 王子, 男爵 令嬢, 令嬢 聖女, 王太子",6,王妃と王子の運命,次期王妃を巡る物語で、二王子と男爵令嬢、聖女の関係が交錯し、王太子の選択が試される。
2016:15,2016,15,"私-代名詞 もう, 失う 私-代名詞, 私-代名詞 世界, 薄幸 少女, 人生 終わる",3,薄幸少女の人生観,薄幸の少女が私という代名詞を通じて、失うことや人生の終わりを考察する物語。
2016:16,2016,16,"成る 少年, 迷宮 挑む, 成る 迷宮, 為 迷宮, 為る 迷宮",2,少年の迷宮探求,少年が迷宮に挑むことで成長し、自らの存在意義を見出す物語。
2016:17,2016,17,"姪, 女 復讐, 巫女 有る, 巫女 為る, 死ぬ 一人",4,復讐と巫女の物語,姪が復讐を果たすために巫女としての役割を担い、一人で死を迎える運命を描いた物語。
2016:18,2016,18,"婚約 破棄, 婚約 解消, 元 婚約, 私-代名詞 婚約, 居る 婚約",1,婚約の破棄とその影響,婚約の破棄や解消がもたらす心理的影響や人間関係の変化について考察する。
2016:19,2016,19,"少年 物語, 目指す 少年, 記憶 喪失, 器用 貧乏, 彼 忘れる",1,記憶喪失の少年の物語,器用貧乏な少年が目指す夢を追い、記憶を失った過去を乗り越え成長する物語。
2016:21,2016,21,"魔王 能力, 強力 魔物, スキル-skill 異, クラスメート-classmate 達, 世界 クラス-class",5,異世界の魔王と仲間,異世界で魔王の能力を持つ主人公が、強力な魔物と共にクラスメートたちと冒険する物語。
2016:22,2016,22,"転生 王子, 王位 継承, 二 王子, 王子 為る, 国王 成る",2,転生した王子の運命,転生した王子が王位を継承する過程での葛藤や成長を描く物語。
2016:23,2016,23,"王子 殿下, 為る 王子, 王子, 王子 妃, 二 王子",1,王子とその家族の物語,王子と王子妃、二人の王子の関係を描き、王族の役割や家族の絆を探る物語。
2016:24,2016,24,"魔物 討伐, 暮れる 彼, 大 賢者, 賢者 成る, 弱い さ",3,賢者の成長と試練,弱い自分を乗り越え、魔物討伐を通じて大賢者へと成長する彼の物語。
2016:25,2016,25,"居る 男性, 恋 為る, 居る ラブコメ-love comedy, ラブコメ-love comedy, 思い 因る",3,恋愛と居場所の探求,男性が恋愛を通じて自分の居場所を見つけるラブコメディの物語。
2016:26,2016,26,"溺れる, 存在 感, 死ぬ 目, 居る 著作, 神 因る",3,存在と死の交錯,存在感と死の目を通じて、神の因による人間の苦悩を描く作品。
2016:27,2016,27,"ドラゴン-dragon 達, ドラゴン-dragon, 竜, 竜 騎士, 所為 魔王",1,ドラゴンと魔王の物語,ドラゴンと竜騎士が魔王に立ち向かう冒険を描いた物語。
2016:28,2016,28,"運命 神, 神 因る, 神 殺す, 神 加護, 有る 神",1,運命と神の関係,神の存在とその加護が運命に与える影響、また神を殺すことの意味を探求する。
2016:29,2016,29,"婚約 破棄, 婚約 解消, 仕舞う 婚約, 離婚, 離婚 為る",1,婚約と離婚の葛藤,婚約の破棄や解消、離婚に関する複雑な感情や状況を探求する。
2016:31,2016,31,"魔物 退治, ！ 魔物, 吸血 鬼, 魔法 使い, 日 書籍",2,魔物退治と吸血鬼,2016年の作品で、魔法使いが魔物や吸血鬼を退治する冒険を描く。
2016:33,2016,33,"ロボット-robot, 宇宙 人, 公 魔法, 為る 謎, 人生 謳歌",4,ロボットと宇宙の謎,ロボットと宇宙人が織り成す物語を通じて、人生を謳歌するための魔法のような要素が描かれる。
2016:34,2016,34,"チート-cheat 有る, 残業 為る, 職場, 名乗る 女性, 契約",2,職場のチートと残業,契約社員として働く女性が、職場での残業やチート行為に直面し、自己の立場を名乗ることで葛藤する様子を描く。
2016:36,2016,36,"洞窟 中, 洞窟, 迷宮, 骸骨, 成る 物語",2,洞窟の迷宮と骸骨,洞窟の中で迷宮のように展開する物語が、骸骨を通じて人間の存在や運命を探求する。
2016:37,2016,37,"公爵 令嬢, 監獄, 二 王子, 王子, 王宮",1,王宮の囚われた恋,公爵令嬢が監獄に囚われ、二人の王子との運命的な出会いを通じて、愛と自由を求める物語。
2016:38,2016,38,"猫 姿, 猫 成る, 子猫, 為る 猫, 猫",1,猫の成長と変化,子猫が成長し、猫としての姿を形成していく過程を描いた作品。
2016:39,2016,39,"魔法 伝説, 精霊 魔法, 治癒 魔法, 魔法 使う, 人間 エルフ-Elf",1,魔法と精霊の伝説,人間とエルフが共存する世界で、治癒魔法や精霊魔法を駆使する冒険が繰り広げられる物語。
2016:40,2016,40,"精霊 さん, 魔獣, 魔法 使い, 鷲, 獣人",2,精霊と魔法の世界,精霊や魔獣、魔法使いが共存するファンタジーの世界で、鷲や獣人が織りなす物語が展開される。
2016:41,2016,41,"妖精, 魔力 無限, 後 魔物, 魔境, 魔力",1,魔力と妖精の世界,妖精たちの無限の魔力が後の魔物を生み出し、魔境を形成する様子を描いた物語。
2016:42,2016,42,"初恋, 思い出, 幼馴染み 女の子, 過去 戻る, 後悔",1,初恋の思い出と後悔,幼馴染の女の子との初恋を振り返り、過去に戻りたいという後悔が描かれる。
2016:43,2016,43,"貴族 娘, 侯爵 夫人, 国王 陛下, 王位 継承, 呼ぶ 王",1,王位継承と貴族の娘,侯爵夫人が国王陛下に呼ばれ、王位継承に関する貴族の娘の運命が描かれる物語。
2016:47,2016,47,"者 婚約, 結婚 為る, 男爵 家, 後継 者, 居る 令嬢",2,婚約と家族の運命,男爵家の令嬢が結婚のために婚約者を選ぶ過程と、その後継者としての運命を描く物語。
2017:0,2017,0,"ゲーム-game 世界, 居る ゲーム-game, ゲーム-game 中, ゲーマー, 其れ ゲーム-game",36,ゲームの世界とゲーマー,2017年のゲーム文化におけるゲーマーの存在とその影響を探る。
2017:1,2017,1,"発売 予定, ！ コミック-comic, 発売 ！, 漫画, 重版 決定",48,漫画の発売と重版,2017年に予定されているコミックの発売情報と重版決定についてのニュース。
2017:2,2017,2,"魔女, 殺戮 者, 不死 王, エルフ-Elf 少女, 使い魔",29,魔女と不死の王,魔女とエルフ少女が不死の王に立ち向かう物語。使い魔を使った殺戮者との戦いが繰り広げられる。
2017:3,2017,3,"戦国 時代, 帝国, 為る 歴史, 現代 日本, 日本 言う",14,戦国時代と現代日本,戦国時代の歴史が現代日本に与える影響を探求し、帝国の形成とその意義を考察する。
2017:4,2017,4,"魔力 量, 初級 魔法, 魔法 知る, 魔法 使う, 魔法 異",12,魔法の基礎と異なる力,初級魔法を学ぶことで、魔力の量や異なる魔法の使い方を理解し、魔法の世界を探求する。
2017:5,2017,5,"二 王女, 子爵 令嬢, 公爵 家, 者 公爵, プリンス-prince",5,貴族の恋愛模様,二人の王女と子爵令嬢が、異なる貴族家の者たちとの恋愛を通じて、権力や愛情の葛藤を描く物語。
2017:6,2017,6,"最強 パーティー-party, パーティー-party 追放, パーティー-party リーダー-leader, パーティー-party 抜ける, 元 パーティー-party",19,パーティーの追放と再生,最強のパーティーから追放されたリーダーが、新たな仲間と共に再起を図る物語。
2017:7,2017,7,"外れる スキル-skill, スキル-skill 進化, 外れ スキル-skill, 世界 スキル-skill, 無い スキル-skill",16,スキルの進化と外れ,スキルの進化が進む中で、外れるスキルや無いスキルの影響を考察し、世界におけるスキルの重要性を探る。
2017:8,2017,8,"前世 乙女, 悪役 令嬢, アナ-announcer, ヒロイン-heroine 悪役, 令嬢 クレア-外国",13,前世と悪役令嬢,前世の記憶を持つ乙女が、悪役令嬢として新たな人生を歩む物語。ヒロインとの対立が展開される。
2017:9,2017,9,"高卒, 優等 生, 自 堕落, 天使, ダンジョン マスター-master",4,高卒の天使と堕落,優等生が自堕落に陥り、ダンジョンマスターとしての役割を果たす物語。
2017:10,2017,10,"英雄 目指す, 勇者 中, 救国 英雄, 成る 運命, 大 罪人",16,運命の英雄と罪人,勇者が救国を目指す中で、運命に導かれた大罪人としての葛藤が描かれる物語。
2017:11,2017,11,"他 魔王, 持つ 魔王, 魔王 軍, 居る 魔王, 間 魔王",11,魔王の存在と影響,魔王の存在がもたらす影響や、彼らが持つ力、軍との関係について探求する。
2017:12,2017,12,"聖女 選ぶ, 居る 聖女, 有る 聖女, 聖女 様, 聖女 座",4,聖女の存在と選択,聖女の存在を巡る選択や役割について考察し、彼女たちが持つ象徴的な意味を探る。
2017:13,2017,13,"少女 ゲーム-game, ゲーム-game 事, 気付く ゲーム-game, ゲーム-game 関係, 乙女 ゲーム-game",6,少女とゲームの関係,乙女ゲームを通じて少女が自己を発見し、ゲームの中での人間関係に気付く様子を描く。
2017:14,2017,14,"王妃 様, 王太子 様, 姫 君, 貴族 男, 妃 様",7,王族の愛と権力,王妃や王太子、姫君、貴族たちの複雑な人間関係と権力闘争を描いた物語。
2017:15,2017,15,"前世 不幸, 今 生活, 無い 前世, 世界 記憶, 世界 一寸",3,前世と現在の影響,前世の不幸が今の生活に影響を与えない世界を描き、記憶の有無がテーマとなる。
2017:16,2017,16,"生 少年, 失う 少年, 謎 声, 居る 化け物, 洞窟 中",3,少年と化け物の謎,少年が洞窟で出会う化け物と、その声に秘められた謎を通じて、失うことの意味を探求する物語。
2017:17,2017,17,"為る 妹, 仕舞う 妹, 両親 妹, 為る 後輩, 何故 彼女",5,妹との関係性,妹との関係を通じて、家族や後輩との絆、そして彼女の存在意義について考察する。
2017:18,2017,18,"結婚 生活, 令嬢 婚約, 夫 態度, 妻 為る, 未亡人",4,結婚と未亡人の生活,令嬢の婚約と夫の態度が、妻としての役割や未亡人の生活に与える影響を探る。
2017:19,2017,19,"青春 物語, 幼少 頃, 幼稚 園, 夢 希望, 青春",5,幼少期の夢と希望,幼稚園時代の思い出を通じて、青春の夢や希望を描いた物語。
2017:20,2017,20,"容姿 端麗, 憧れ 的, 無い 少女, ブラコン-brother complex 妹, 王都 学園",3,憧れの少女とブラコン,容姿端麗な少女が王都学園で憧れの存在となり、ブラコンの妹との関係が描かれる物語。
2017:21,2017,21,"少年 スキル-skill, 剣 教える, スキル-skill 授かる, スキル-skill 授与, 剣 持つ",2,少年の剣とスキル,少年が剣の技術を教わり、特別なスキルを授かる成長の物語。
2017:22,2017,22,"転生 王子, 有る 王, 皇子, 七 王子, 後 宮入り",4,転生した王子の物語,転生した王子が七人の王子たちと共に後宮に入り、運命を切り開く冒険を描く物語。
2017:23,2017,23,"王子 妃, 王太子 殿下, 王子, 三 王子, 殿下 婚約",6,王子と婚約の物語,王子と王太子殿下の婚約を巡る物語。三王子の存在が複雑な人間関係を生み出し、愛と権力の葛藤が描かれる。
2017:24,2017,24,"最弱 冒険, さん 冒険, 新人 冒険, 謎 スキル-skill, スキル-skill 発揮",4,最弱の冒険者の成長,最弱とされる新人冒険者が、謎のスキルを発揮し成長していく物語。
2017:26,2017,26,"魔法 世界, 剣 魔法, 魔法 陣, 世界 剣, 世界 言う",2,魔法と剣の世界,魔法と剣が共存する世界を描き、魔法陣や冒険を通じて新たな可能性を探る物語。
2017:28,2017,28,"成る 魔王, 魔王 有る, 魔族 勢力, 神々, 其処 彼",3,魔王と神々の対立,魔王とその勢力が神々と対峙し、彼らの存在が物語の中心となる。
2017:29,2017,29,"娘 娶る, 彼 結婚, 娶る 事, 君-代名詞 結婚, アレクシア-Alexia",1,結婚と家族の選択,アレクシアが結婚を通じて家族の絆や個人の選択について考察する物語。
2017:30,2017,30,"魔法 ？, 陰陽 師, モンスター-monster 撃退, 妖怪, ファンタジー-fantasy １",2,魔法と妖怪の戦い,陰陽師が魔法を駆使してモンスターや妖怪を撃退するファンタジーの物語。
2017:31,2017,31,"様 ドラゴン-dragon, 為る ドラゴン-dragon, 邪竜, ファンタジー-fantasy 日間, ファンタジー-fantasy 5",1,ドラゴンとファンタジーの世界,ドラゴンや邪竜が登場するファンタジー作品の魅力とその影響を探る。
2017:32,2017,32,"前 死ぬ, 命 断つ, 為る 自殺, 言う 運命, 輪廻 転生",5,運命と輪廻の自殺,自殺を選ぶことで運命を断ち切る行為と、輪廻転生の概念が交錯するテーマを探求する。
2017:33,2017,33,"脇役, キャラ-character, 為る 物語, 素敵 イラスト-illustration, エンジョイ-enjoy",1,脇役の魅力と物語,脇役キャラクターが物語を彩り、素敵なイラストと共に楽しむ要素を提供する。
2017:34,2017,34,"無職 成る, 再 就職, 稼ぐ 金, コンビニ-convenience, 年 世界",2,無職と再就職の葛藤,無職から再就職を目指す中で、コンビニでの仕事を通じて稼ぐ金の重要性が描かれる。
2017:35,2017,35,"母 亡くなる, のんびり 暮らす, 人生 一変, 家 生まれる, 私-代名詞 人生",3,母の死と人生の変化,母の死をきっかけに、のんびりとした暮らしが一変し、新たな人生が始まる様子を描いている。
2017:36,2017,36,"呼ぶ 迷宮, 迷宮, 洞窟, 探索 者, 世界 謎",4,迷宮と探索の謎,迷宮や洞窟を舞台に、探索者が未知の世界を呼び寄せ、謎を解く旅を描く。
2017:37,2017,37,"元 公爵, 居る 侯爵, 王都 離れる, 王弟 殿下, 令嬢 エレン",3,王都を離れる令嬢,元公爵の令嬢エレンが、王弟殿下や侯爵と共に王都を離れる物語。
2017:38,2017,38,"私-代名詞 姿, 夢見る 居る, 王太子 妃, 妃 成る, 令嬢 有る",2,夢見る王太子妃の姿,王太子妃を夢見る令嬢の内面を描き、自己の存在と理想の間で揺れる心情を探求する物語。
2017:39,2017,39,"歳 迎える, 12 歳, 魔王 達, 王宮 騎士, 皇",2,12歳の魔王と王宮,12歳の魔王が王宮で迎える新たな年と騎士たちとの関係を描く物語。
2017:40,2017,40,"魔法 一, 何 魔法, 使う 魔法, 竜神, 巫女",2,魔法と竜神の物語,巫女が竜神の力を借りて魔法を使い、様々な試練に立ち向かう物語。
2017:43,2017,43,"貴族 令嬢, 公爵 令嬢, 世界 貴族, 有る 伯爵, 有る 王国",2,貴族社会の物語,貴族令嬢たちの生活と人間関係を描く物語。王国の中での権力や立場が交錯する様子が描かれる。
2017:44,2017,44,"悪役 令嬢, まったり 学園, 貴族 学院, 学園 入学, 為る 教師",1,悪役令嬢の学園生活,貴族学院に入学した悪役令嬢が、まったりとした学園生活を送りながら教師として成長する物語。
2017:45,2017,45,"異母 妹, 継母, 侯爵 令嬢, 侯爵 家, 義弟",1,家族の絆と葛藤,異母妹と継母、侯爵令嬢の複雑な関係が描かれ、家族内の愛憎や義弟との絡みが物語を彩る。
2017:46,2017,46,"子爵 令嬢, 私-代名詞 婚約, 婚約 解消, どう 婚約, 突然 婚約",1,婚約の解消とその影響,子爵令嬢が突然の婚約解消に直面し、私の感情や状況をどう受け止めるかを描く物語。
2017:47,2017,47,"結婚 為る, 子爵 家, 侯爵 夫人, 騎士 居る, 貴族 有る",1,貴族社会の結婚観,貴族階級における結婚の重要性と、家族の名誉を守るための選択が描かれる。
2017:48,2017,48,"妹 婚約, 伯爵 家, 姉妹, 兄弟 居る, 天使 様",2,姉妹の婚約と家族,妹の婚約を巡る伯爵家の姉妹と兄弟の関係が描かれ、家族の絆と天使のような存在がテーマとなる物語。
2017:49,2017,49,"転移 者, 独り暮らし 始める, 普通 生きる, 世界 否応, 転移 巻き込む",3,転移と孤独な生活,転移者が独り暮らしを始め、普通の生活を求める中で、世界に巻き込まれていく様子を描く。
2017:50,2017,50,"生まれ変わる 事, ゲーム-game 大好き, ゲーム-game 酷似, 乙女 ゲーム-game, 私-代名詞 転生",3,転生とゲームの融合,乙女ゲームにおける転生テーマが描かれ、プレイヤーの自己投影と新たな人生の選択が探求される。
2018:0,2018,0,"ゲーム-game 機, 私-代名詞 ゲーム-game, ゲーム-game 初心, ゲーム-game 世界, 居る ゲーム-game",38,ゲームの世界と自己認識,ゲームの中での自己の存在や初心者としての体験を通じて、ゲームの世界におけるアイデンティティを探求する。
2018:1,2018,1,"発売 為る, ！ コミカライズ, 文庫 発売, 発売 ！, 魔剣",48,魔剣のコミカライズ,2018年に発売された魔剣をテーマにした文庫のコミカライズについての情報。
2018:2,2018,2,"魔女, 世界 女神, 様 魔法, 成る 魔物, 魔法 使う",34,魔女と女神の魔法,魔女が女神の力を借りて魔法を使い、魔物に変わる過程を描く物語。
2018:3,2018,3,"時 日本, 主義 有る, 現代 日本, 戦国 時代, 世界 日本",27,現代日本と戦国時代の主義,現代日本における主義の形成と、戦国時代の影響を探る。
2018:4,2018,4,"生まれる 魔力, 魔術 師, 魔力 量, 世界 魔術, 魔術 才能",21,魔術と才能の世界,魔術師の生まれ持った魔力や才能が、世界における魔術の重要性を示す。
2018:5,2018,5,"王子 婚約, 公爵 令嬢, 子爵 令嬢, 一 王子, 馬鹿 王子",17,王子と令嬢の婚約,王子と二人の令嬢の婚約を巡る物語。王子の選択がもたらす波乱と恋愛模様が描かれる。
2018:6,2018,6,"パーティー-party 追放, 魔族 有る, 元 パーティー-party, 盗賊, 魔族",7,追放されたパーティーの逆襲,元パーティーのメンバーが魔族に追放され、盗賊と共に復讐を果たす物語。
2018:7,2018,7,"無し スキル-skill, スキル-skill 所持, スキル-skill 有る, 為る スキル-skill, チート-cheat スキル-skill",9,スキルとチートの関係,スキルの有無や所持状況が、チート行為とどのように関連しているかを探る。
2018:8,2018,8,"美女 成る, 少女 生まれ変わる, 乙女 ゲーム-game, 女優, シエラ-sierra",15,美女と少女の生まれ変わり,乙女ゲームの中で、女優シエラが美女として生まれ変わる物語を描く。
2018:9,2018,9,"人 見知り, 生 男子, 違い 戸惑う, 青春, 学園 生活",12,青春の戸惑いと成長,人見知りの男子が学園生活での違いに戸惑いながら、友情や自己成長を模索する青春物語。
2018:10,2018,10,"貴族 嵌める, 人 運命, 権 無い, 暗殺 者, 死者",9,運命と権力の暗殺者,貴族が運命に嵌められ、権力を持たない者による暗殺が死者を生む物語。
2018:11,2018,11,"魔王 軍, ： 帝国, 天王 魔王, 魔法 支配, 王国 内",6,魔王と帝国の支配,魔王が率いる軍が帝国を支配し、王国内部での魔法の影響力が強まる様子を描く。
2018:12,2018,12,"聖女 召喚, 聖女 言う, 女神 力, 僧侶, 騎士 目指す",8,聖女と騎士の物語,聖女が召喚され、女神の力を受けた僧侶と騎士が共に冒険する物語。
2018:13,2018,13,"ゲーム-game シナリオ-scenario, 無理 ゲー-game, ゲーム-game 転生, ゲーム-game 世界, 乙女 ゲーム-game",6,ゲーム転生と乙女ゲーム,2018年の作品で、ゲームのシナリオや無理ゲー要素を通じて、転生したキャラクターが乙女ゲームの世界で繰り広げる物語を描く。
2018:14,2018,14,"皇后, 美姫, 相手 結婚, 為る 皇帝, 日 王太子",4,皇后と王太子の結婚,2018年のテーマは、皇后と美姫の結婚を巡る物語で、相手の皇帝との関係が描かれています。
2018:15,2018,15,"好き 世界, 世界 暮らす, 世界 行く, 世界 生活, ！ ファンタジー-fantasy",4,ファンタジーの世界での生活,好きな世界で暮らし、冒険するファンタジーの魅力を描く物語。
2018:16,2018,16,"妖怪, 倒す 魔物, 体力 魔力, 魔法 学院, ゴブリン-goblin 追い掛ける",6,魔法学院と妖怪退治,魔法学院での冒険を描き、ゴブリンなどの妖怪を倒すために体力や魔力を駆使する物語。
2018:17,2018,17,"姉妹, 頃 両親, 物語 様, 彼女 一緒, 嫁入り",6,姉妹の嫁入り物語,両親と共に過ごした頃、姉妹の絆と嫁入りを巡る物語が展開される。
2018:18,2018,18,"私-代名詞 婚約, 居る 婚約, 結婚 決まる, 嫁 さん, 新婚 生活",5,婚約と新婚生活の葛藤,私の婚約から新婚生活にかけての心情や葛藤を描いた物語。
2018:19,2018,19,"為 物語, 教室, 授業 中, 日 書籍, 教師",3,教室の物語と教師,授業中の教室での物語を通じて、教師と生徒の関係や学びの重要性が描かれる。
2018:20,2018,20,"ぽんこつ 少女, 幼馴染み 居る, 女の子, 彼女 為る, 好く 過ぎる",9,幼馴染みとの恋愛,ぽんこつ少女が幼馴染みの男の子を好きすぎる様子を描いた物語。彼女の成長と恋の行方がテーマ。
2018:21,2018,21,"魔物 狩り, 魔物 巣窟, スキル-skill 得る, 仲間 勇者, 学力",4,魔物狩りと仲間の絆,勇者たちが魔物の巣窟でスキルを得る過程を描き、仲間との絆や学力の重要性を探る物語。
2018:22,2018,22,"有る 王, 皇帝 陛下, 為 王都, 上級 貴族, 王子 為る",8,王と権力の象徴,2018年の作品では、王都における上級貴族や王子の役割を通じて、権力とその象徴としての王の存在が描かれている。
2018:23,2018,23,"王太子 様, 王太子 側近, 二 皇子, 皇族, 隣国 王太子",4,皇族の権力闘争,王太子とその側近、二皇子、隣国の王太子との間で繰り広げられる権力争いとその影響を描く物語。
2018:24,2018,24,"ヒロイン-heroine 出会う, ヒロイン-heroine 選ぶ, ヒーロー-hero ヒロイン-heroine, 他 攻略, ギルド-guild 追放",4,ヒロインとの出会いと選択,ヒーローがヒロインと出会い、彼女を選ぶ過程や、ギルドからの追放を通じて描かれる物語の展開。
2018:25,2018,25,"居る 恋, 恋 成就, 惚れる 居る, 恋愛 要素, 穏便 婚約",3,恋愛の成就と居る,恋愛における成就や惚れ合う要素、穏便な婚約の重要性を探る。
2018:26,2018,26,"人々 物語, のんびり ライフ-life, ライフ-life 始まる, 二 人生, 世界 住人",1,のんびりとした人生の物語,人々の穏やかな生活を描いた物語が展開され、二人の人生が新たな世界で始まる様子が描かれる。
2018:27,2018,27,"ドラゴン-dragon 倒す, 最強 ドラゴン-dragon, ドラゴン-dragon, 竜, 有る 勇者",3,勇者と最強のドラゴン,勇者が最強のドラゴンを倒す物語。ドラゴンとの戦いを通じて勇気と成長が描かれる。
2018:28,2018,28,"神 因る, 神 殺し, 不死 者, 人類 滅亡, 世界 多く",3,神と人類の滅亡,神による不死者の存在が、人類の滅亡を引き起こす世界の様子を描写している。
2018:29,2018,29,"エミリア, 花嫁 為る, リカ, 数奇 運命, 有る ノア",4,運命に翻弄される花嫁,エミリアとリカの物語は、数奇な運命に導かれ、花嫁としての役割を果たす中での葛藤を描いている。
2018:31,2018,31,"オカルト-occult, 妖怪, 居る 物語, ホラー-horror, 超絶",2,オカルトと妖怪の恐怖,2018年の作品では、オカルトや妖怪が絡む物語が展開され、超絶的なホラー体験が描かれている。
2018:32,2018,32,"人生 後悔, 人生 遣り直す, 此れ 人生, 病 倒れる, 為る 人生",2,人生の再生と後悔,病に倒れた主人公が人生を振り返り、後悔を抱えつつも新たな道を模索する物語。
2018:33,2018,33,"登場 人物, 宇宙 人, ？ 世界, 目覚める 主人, 居る 異",1,異世界での目覚め,主人公が異なる宇宙の人物と出会い、目覚めることで新たな世界に踏み込む物語。
2018:34,2018,34,"退魔 師, ジャンル-genre 別, ジャンル-genre, ロー-low ファンタジー-fantasy, 成る 総合",1,退魔師のロー・ファンタジー,退魔師をテーマにしたロー・ファンタジー作品の多様性とその特徴について考察する。
2018:35,2018,35,"生 転生, 超 貧乏, 天涯 孤独, 様 生活, 私-代名詞 生活",3,孤独な転生と生活,超貧乏な状況で生きる主人公が、転生を通じて天涯孤独な生活を描く物語。
2018:36,2018,36,"居る 迷宮, 迷宮 迷宮, 迷宮, オカルト-occult, 現われる モンスター-monster",4,迷宮のオカルトとモンスター,迷宮に潜むオカルト的存在と、そこに現れるモンスターの関係を探求する。
2018:37,2018,37,"国外 追放, 誘拐 事件, 公爵 令嬢, 追放, 奴隷",1,追放された公爵令嬢の運命,国外に追放された公爵令嬢が誘拐事件に巻き込まれ、奴隷としての運命を辿る物語。
2018:38,2018,38,"御 隣り, 子猫, 住む 居る, 遭遇 為る, トウキョウ",1,東京の隣人と子猫,東京での隣人との出会いと、子猫との生活を通じて描かれる心温まる物語。
2018:40,2018,40,"魔獣, 其処 魔法, 魔法 存在, 私-代名詞 魔力, 魔力",2,魔獣と魔法の存在,魔法と魔獣の関係を探求し、私の魔力がどのように影響を与えるかを考察する。
2018:41,2018,41,"後 魔物, 魔境, 眷属 成る, 世界 作る, フィクション-fiction 登場",2,魔物とフィクションの世界,魔物や眷属が登場するフィクションの中で、彼らが新たな世界を作り出す様子を描く。
2018:42,2018,42,"後悔, 後悔 為る, 死後, 居る 幼馴染み, 俺 高校",1,高校時代の後悔,幼馴染みとの関係を振り返り、死後も残る後悔を描く物語。高校生活の選択がもたらす影響を考察する。
2018:43,2018,43,"魔女 呪い, 女王 呼ぶ, 魔女, 王位 継承, 女王",2,魔女と王位継承の呪い,魔女の呪いが女王を呼び寄せ、王位継承に影響を与える物語。
2018:44,2018,44,"伯爵 令嬢, 王都 学園, 令嬢 ディアナ, 令嬢 目指す, 有る 学園",4,学園での令嬢の成長,王都の学園で、令嬢ディアナが理想の令嬢を目指して奮闘する物語。
2018:45,2018,45,"継母, 孤児 院, 愛する 彼女, 姉 因る, 異母",3,異母姉妹の愛と孤独,異母姉妹の関係を描き、孤児院での生活や継母との葛藤を通じて、愛と孤独のテーマを探求する物語。
2018:47,2018,47,"結婚 為る, 貴族 娘, 歳 誕生, 子 自分, 後妻 入る",1,結婚と家族の再構築,貴族の娘が結婚し、後妻として新たな家族を築く過程を描く物語。
2018:48,2018,48,"美しい 妹, 伯爵 令嬢, 二 王子, 伯爵 家, 妃 成る",1,美しい妹と王子たち,美しい妹が伯爵家の令嬢として、二人の王子との関係を通じて妃となる物語。
2018:49,2018,49,"粗筋 俺, 上司, 転職, 仕舞う 何故, 全て 俺",2,転職と自己探求,上司との関係や転職を通じて、自分自身の存在意義や人生の選択について考える物語。
2019:0,2019,0,"ゲーム-game 世界, 此れ ゲーム-game, ゲーム-game 遣る, ゲーム-game 内, ゲー-game",62,ゲームの世界観,ゲームの世界における体験や行動について探求し、プレイヤーの視点からその魅力を考察する。
2019:1,2019,1,"読者, 日 コミカライズ, 様 2021, 9 ／, ／ 24",35,コミカライズと読者の関係,2019年における日コミカライズの進展と、読者の反応や影響について考察する。
2019:2,2019,2,"魔女, 魔女 為る, 此れ 魔法, 女神 呼ぶ, 錬金 術士",23,魔女と錬金術の神秘,魔女が魔法を用いて女神を呼び出し、錬金術士としての力を発揮する物語。
2019:3,2019,3,"現代 日本, 日本 人, 有る 日本, 生まれ変わり 有る, 者 前世",17,日本人の生まれ変わり,現代日本における生まれ変わりの概念と前世の影響を探求する。
2019:4,2019,4,"魔術 才能, 持つ 魔法, 魔術 極める, 魔術 師, マジック-magic",23,魔術と才能の探求,魔術の才能を持つ者が、魔法を極める過程を描く。魔術師としての成長と挑戦がテーマ。
2019:5,2019,5,"公爵 令嬢, 王子 婚約, 男爵 令嬢, 公爵 家, 王子 有る",32,恋愛と階級の葛藤,公爵家の令嬢と王子の婚約を巡り、男爵家の令嬢が絡む恋愛模様と階級の対立が描かれる物語。
2019:6,2019,6,"パーティー-party 追放, パーティー-party リーダー-leader, 元 パーティー-party, パーティー-party 一員, パーティー-party 結成",40,パーティーの結成と追放,パーティーのリーダーや元一員の追放を通じて、組織の内部対立や結成の背景が浮き彫りになる。
2019:7,2019,7,"レア-rare スキル-skill, 最強 スキル-skill, スキル-skill レベル-level, スキル-skill 取得, 為る スキル-skill",17,レアスキルの取得と成長,レアスキルの取得とそのレベルアップが、キャラクターの最強化に繋がる過程を探る。
2019:8,2019,8,"アナ-announcer, 腐 女子, 乙女 ゲーム-game, リリー-lily アナ-announcer, ゲーム-game 世界",18,アナウンサーと乙女ゲーム,アナウンサーと腐女子文化が交差する乙女ゲームの世界を探求する。
2019:9,2019,9,"女子 生徒, 学校 一, 高校 生活, 孤立 為る, 高校 三",29,高校生活の孤立,高校三年生の女子生徒が学校で孤立し、友人関係や社会的なつながりの重要性を再認識する物語。
2019:10,2019,10,"馬鹿 王子, 勇者 首, 大 貴族, 権力 者, 武将 転生",11,転生した武将の逆襲,大貴族の権力者に立ち向かう転生した武将が、馬鹿王子と勇者の首を狙う物語。
2019:11,2019,11,"魔王 討伐, 魔王 力, 魔王 言う, 邪神 倒す, 魔王 軍",16,魔王討伐の物語,魔王の力を巡る戦いと、邪神を倒すための冒険が描かれる物語。
2019:12,2019,12,"聖女 成る, 偽 聖女, 聖女 有る, 聖女 様, 新しい 聖女",22,聖女の概念の変遷,聖女の存在や役割が時代と共に変化し、偽聖女や新しい聖女の概念が浮かび上がる。
2019:13,2019,13,"ゲーム-game 本編, ゲーム-game 中, ゲーム-game 転生, 乙女 ゲーム-game, 前世 プレー-play",9,乙女ゲームの転生物語,前世の記憶を持つ主人公が乙女ゲームの世界で新たな人生を歩む物語。ゲーム内の選択が運命を左右する。
2019:14,2019,14,"皇太子 妃, 王女, 王妃, 侯爵 令嬢, 皇后",17,皇族と貴族の関係,2019年の文脈において、皇太子妃や王女、王妃、侯爵令嬢、皇后の役割とその相互関係を探る。
2019:15,2019,15,"世界 生まれ変わる, 世界 得る, 生まれ変わる 居る, 世界 ！, 豊か 為る",2,生まれ変わる世界の豊かさ,新たな世界での生まれ変わりを通じて、豊かさを得る可能性を探求する。
2019:16,2019,16,"魔法 学院, 成り上がる 物語, 魔法 レベル-level, 想像 以上, 確率",2,魔法学院の成り上がり,魔法学院での成長を描いた物語。主人公が想像以上の魔法レベルを持ち、確率を超えて成り上がる様子を追う。
2019:17,2019,17,"仕舞う 姉, 姉 達, 無い 姉, 仲 悪い, 為る 性格",6,姉妹の関係性の葛藤,姉妹間の仲の悪さや性格の違いが、互いの関係を仕舞う要因となる様子を描写している。
2019:18,2019,18,"私-代名詞 婚約, 愛する 結婚, 居る 浮気, 新しい 恋, 世界 恋愛",11,愛と浮気の新しい世界,婚約中の私が新たな恋に目覚め、愛と浮気の複雑な関係を探求する物語。
2019:19,2019,19,"彼 学校, 学校 中, 生徒 達, 少年 スキル-skill, 迫害 為る",6,学校での少年の迫害,学校内での生徒たちによる少年への迫害と、その中で彼が身につけるスキルについての物語。
2019:20,2019,20,"俺 彼女, 言う 美, 此れ 恋, デレ 少女, 幼馴染み 居る",11,幼馴染みとの恋愛,幼馴染みの少女との関係を描き、彼女への想いと美しさを語る恋愛物語。
2019:21,2019,21,"錬金 術, 為 能力, スキル-skill 他, 人 女神, 女神 貰う",4,錬金術と女神の力,錬金術を通じて、女性キャラクターが女神の能力を得る過程とその影響を描く物語。
2019:22,2019,22,"帝国 貴族, 成る 侯爵, 皇帝 呼ぶ, 為る 王子, 王国 守る",5,帝国と貴族の権力,帝国の貴族が侯爵となり、皇帝を呼び寄せ、王子として王国を守る姿を描く物語。
2019:23,2019,23,"王子 殿下, 為る 王子, 二 王子, 王子, 陛下 御",5,王子の役割と責任,王子たちの立場や責任について探求し、彼らが果たすべき役割を考察する。
2019:24,2019,24,"頃 冒険, 為る 冒険, 一人 冒険, 呼ぶ 迷宮, ダンジョン 攻略",8,迷宮の冒険と攻略,一人で迷宮に挑む冒険を描き、ダンジョン攻略の過程での成長や発見を探求する物語。
2019:25,2019,25,"恋 為る, 女性 恋, 人 気持ち, 私-代名詞 付き合う, 美 男子",7,恋愛と自己表現,女性の恋愛感情と美男子との関係を通じて、自己の気持ちを表現する様子を描く。
2019:26,2019,26,"神 名乗る, 世界 戻る, 後 神, 居る 神, 死亡 為る",1,神と死の再生,神を名乗る存在が、死後の世界に戻ることで新たな神の姿を示す物語。
2019:27,2019,27,"有る ドラゴン-dragon, ドラゴン-dragon, ドラゴン-dragon 達, 来る ドラゴン-dragon, 有る 竜",7,ドラゴンの存在と影響,ドラゴンの存在が物語や文化に与える影響を探求し、その象徴的な役割を考察する。
2019:28,2019,28,"居る 神, 神 様, 事 神, 意識 為る, 為る 神",2,神の存在と意識,神の存在が人間の意識に与える影響や、神が人間の行動にどのように関与するかを探求する。
2019:29,2019,29,"婚約 破棄, 婚約 解消, 最愛 婚約, 言う 婚約, 嫌う 婚約",8,婚約の葛藤と解消,婚約の破棄や解消に関する感情や葛藤を描き、最愛の相手との関係の複雑さを探る。
2019:30,2019,30,"魔物 使い, 魔力 無い, 闇 精霊, 世界 魔力, 私-代名詞 魔力",3,魔物と闇の精霊,魔力を持たない私が、魔物を使い、闇の精霊と共に魔力の世界に挑む物語。
2019:32,2019,32,"彼 転生, 因る 死亡, 為る 人生, 無い 幼馴染み, 賢者 呼ぶ",2,転生と友情の物語,彼は転生を果たし、幼馴染みの存在が無い新たな人生を歩む中で、賢者と呼ばれる存在に導かれる。
2019:33,2019,33,"架空 存在, 事 前世, 絶滅, 宇宙 船, 宇宙 人",3,架空の宇宙人と絶滅,架空の存在としての宇宙人が、事前世や絶滅のテーマを通じて人類の未来を考察する物語。
2019:34,2019,34,"無職 成る, 稼ぐ 事, 無職, 業 者, 為る 業界",4,無職と業界の変化,無職の人々が新たな業界で稼ぐ方法を模索する様子を描写し、労働市場の変化を探る。
2019:35,2019,35,"貴族 令嬢, 孤児, 令嬢 物語, 為る 育つ, 物語 私-代名詞",1,貴族令嬢と孤児の物語,貴族の令嬢と孤児の成長を描く物語。彼らの出会いが互いの人生に影響を与え、自己を見つける旅が展開される。
2019:36,2019,36,"洞窟, 迷宮, 世界 存在, 探索 者, 発見 為る",1,洞窟の迷宮と探索者,洞窟の迷宮を探索する者たちが、未知の世界を発見し、存在の意味を問い直す物語。
2019:37,2019,37,"公爵 令嬢, 子爵 令嬢, 者 公爵, 成る 子爵, 下級 貴族",3,貴族の階級と恋愛,公爵令嬢と子爵令嬢の関係を通じて、下級貴族の立場や恋愛の葛藤が描かれる物語。
2019:38,2019,38,"猫 為る, 猫, 黒猫, 為る 仄々, 何とぞ 宜しく",3,猫との共生,黒猫を通じて描かれる人と猫の関係性や、共に生きることの温かさが表現されている。
2019:39,2019,39,"貴族 子, 魔法 使う, 系 魔術, ！ 貴族, 爺 ちゃん",3,貴族の子と魔法の系,貴族の子が魔法を使うことで、家族や伝統に挑む物語。爺ちゃんの教えが鍵となる。
2019:40,2019,40,"鳥 成る, 魔物 跋扈, 魔物 倒す, 仕舞う 魔物, 為 魔物",1,魔物との戦いと成長,魔物が跋扈する世界で、鳥のように成長し、魔物を倒すための戦いを描く物語。
2019:41,2019,41,"描く 物, ドラゴン-dragon, 妖精, 聖 竜, 竜 力",1,ドラゴンと妖精の物語,ドラゴンや妖精、聖竜の力を描く物語が展開され、幻想的な世界観が広がる。
2019:42,2019,42,"俺 幼馴染み, 俺 高校, 高校 時代, 人生 後悔, 遣り直す 物語",5,高校時代の再生,幼馴染みとの関係を通じて、高校時代の後悔を乗り越え、人生をやり直そうとする物語。
2019:43,2019,43,"王位 継承, 国王 陛下, 王都 有る, 彼女 転生, 目指す 王都",3,転生と王位継承の物語,彼女は転生し、王位継承を目指す国王陛下の物語を描く。王都での新たな挑戦が始まる。
2019:44,2019,44,"姫 有る, 令嬢 言う, 作品 フィクション-fiction, 転移 者, 架空 存在",3,架空の令嬢転移者,フィクション作品における姫や令嬢のキャラクターが、異世界に転移する物語の展開を探る。
2019:45,2019,45,"伯爵 令嬢, 家 養女, 孤児 院, 姉 二人, 親戚",2,孤児院の養女の物語,伯爵家の養女として育った孤児院出身の少女が、姉たちや親戚との関係を通じて成長する物語。
2019:46,2019,46,"婚約 破棄, 婚約 解消, 悟る 婚約, 嫁探し, 皇太子 妃",4,婚約の解消とその影響,婚約破棄や解消を通じて、個人の成長や社会的期待に対する理解が深まる様子を描く。
2019:47,2019,47,"結婚 為る, 歳 女, 子爵 家, 成る 伯爵, 公爵 公爵",2,結婚と階級の変遷,2019年の作品では、女性が結婚を通じて貴族階級に昇進する様子が描かれ、社会的地位の変化がテーマとなっている。
2019:48,2019,48,"双子 妹, 両親 妹, 伯爵 家, 迫害 為る, 達 迫害",2,双子と家族の迫害,双子の妹たちが伯爵家で直面する迫害と、その影響を受ける両親との関係を描く物語。
2019:49,2019,49,"此れ 人生, 自暴 自棄, 人生 幕, 生命, 者 物語",1,人生の幕と物語,自暴自棄に陥る者の人生を描き、生命の意味や物語の重要性を探求する。
2020:0,2020,0,"成る ゲーム-game, ゲーム-game 世界, ゲーム-game 有る, 此れ ゲーム-game, ！ ゲーム-game",20,ゲームの存在と意義,2020年のゲームに関する考察を通じて、ゲームの世界やその存在意義について探求する。
2020:1,2020,1,"読む 方, 改稿 版, 掲載 予定, 積り 書く, 版 為る",18,改稿と掲載のプロセス,2020年における改稿版の執筆と、掲載予定の作品に関する考察を示す。
2020:2,2020,2,"魔術 士, 魔法 才能, 魔力 多い, 魔法 使う, 魔女",17,魔術と魔法の才能,魔術士や魔女たちが持つ魔法の才能と多様な魔力の使い方について探求する。
2020:3,2020,3,"覇王, 居る 物語, 危険 人物, 日本 人, 戦国 時代",12,戦国時代の覇王物語,日本の戦国時代における覇王と危険な人物たちの物語を描く。
2020:4,2020,4,"魔術 師, 最強 魔術, 初級 魔法, 魔術 使う, 魔導 師",14,魔術師の成長物語,最強の魔術師を目指す主人公が、初級魔法を駆使しながら成長し、様々な試練に立ち向かう物語。
2020:5,2020,5,"王太子 妃, 公爵 令嬢, 王子 婚約, 皇太子 殿下, 公爵 家",26,王太子と公爵家の婚約,王太子と公爵令嬢の婚約を巡る物語。身分や立場の違いがもたらす葛藤と愛の行方を描く。
2020:6,2020,6,"パーティー-party 追放, 最強 パーティー-party, 元 パーティー-party, パーティー-party リーダー-leader, パーティー-party 抜ける",31,パーティーの追放と再構築,最強のパーティーから追放された元リーダーが、新たな仲間と共に再び立ち上がる物語。
2020:7,2020,7,"外れる スキル-skill, スキル-skill 存在, スキル-skill 有る, 事 スキル-skill, スキル-skill アイテム-item",19,スキルの存在と価値,スキルの有無やアイテムとしての役割が、個人の成長や社会での位置づけに影響を与えることを探る。
2020:8,2020,8,"彼女 正体, 令嬢 生まれ変わる, 王太子 妃, 絶世 美女, 妃 選ぶ",4,令嬢の生まれ変わり,絶世の美女として生まれ変わった彼女が、王太子の妃として選ばれる運命を描く物語。
2020:9,2020,9,"居る 中学, 頃 幼馴染み, 学校 中, 何処 居る, 私-代名詞 今日",8,幼馴染みとの再会,中学時代の幼馴染みとの思い出を振り返り、彼らが今どこにいるのかを考える私の心情を描く。
2020:10,2020,10,"覇 唱える, 魔物 狩り, 女神 力, 神 様, 物語 歴史",7,神話と魔物の狩り,女神の力を借りて魔物を狩る物語が描かれ、歴史的な背景が織り交ぜられた幻想的な世界が展開される。
2020:11,2020,11,"魔族 戦い, 魔族 王, 魔王 成る, 王 魔王, 魔王 軍",9,魔族の王と戦い,魔族の王が魔王となり、彼の軍と共に戦いを繰り広げる物語。
2020:12,2020,12,"聖女 力, 聖女 成る, 偽 聖女, 聖女 魔王, 聖女 選ぶ",20,聖女とその力の葛藤,聖女としての力を持つ者たちが、真の聖女と偽聖女の違いや、魔王との関係を通じて自己を見つめ直す物語。
2020:13,2020,13,"ゲーム-game 出る, 恋愛 ゲーム-game, 公 ゲーム-game, ゲーム-game 使う, 令嬢 生まれ変わる",4,恋愛ゲームの新たな展開,令嬢が生まれ変わり、恋愛ゲームの世界で公に出ることで繰り広げられる物語。ゲームを通じての成長と愛の探求が描かれる。
2020:14,2020,14,"王太子 結婚, 王太子 殿下, 王太子, 末 王女, 五 王子",6,王太子の結婚と家族,2020年、王太子殿下の結婚を巡る物語が展開され、末王女や五王子との関係が描かれる。
2020:15,2020,15,"意 決して, 私-代名詞 魔力, 飛び下りる 自殺, 人生 送る, 者 裏切る",4,自己と裏切りの魔力,自己を裏切る選択がもたらす人生の葛藤と、自殺という極端な行動の背後にある心理を探る。
2020:17,2020,17,"妹 様, 仕舞う 妹, 妹 言う, 御前 妹, 有る 姉",6,姉妹の関係性,姉妹の間に存在する微妙な感情や言葉のやり取りを描写し、互いの存在がどのように影響し合うかを探る。
2020:18,2020,18,"私-代名詞 結婚, 女 結婚, 言う 婚約, 為る 結婚, 成る 婚約",5,私と結婚の言説,結婚における私の視点や女性の役割、婚約の言葉が持つ意味を探る。
2020:19,2020,19,"中学 時代, 振る 幼馴染み, 仕舞う 高校, 居る 高校, 失望 為る",2,幼馴染との失望と成長,中学時代の幼馴染との関係が高校で変化し、失望を経験しながら成長していく物語。
2020:20,2020,20,"此れ 恋, 女 らしい, 様 奇麗, 容姿 端麗, 姉妹",6,姉妹の美しさと恋,美しい姉妹が恋愛を通じて自らの魅力を発見し、女性らしさを表現する物語。
2020:21,2020,21,"忍者, 剣術, 才能 無い, 育てる 少年, 武術",1,才能を育てる忍者の少年,剣術の才能がない少年が、忍者として成長するために努力し、武術を習得していく物語。
2020:22,2020,22,"皇帝 陛下, 皇帝 呼ぶ, 事 王宮, 陛下, 五 王子",7,王宮の皇帝と五王子,2020年の物語では、皇帝陛下と五王子の関係が描かれ、王宮内での権力と家族の葛藤がテーマとなる。
2020:23,2020,23,"二 王子, 王子 殿下, 三 王子, 為る 王子, 王子",2,王子たちの物語,王子たちの異なる役割や関係性を描き、彼らの成長や葛藤を通じて王族の責任を探求する物語。
2020:24,2020,24,"歳 冒険, ギルド-guild 追放, 再 就職, 職員 為る, 溜め込む 居る",4,冒険者の再出発,追放された冒険者が新たな職を求め、ギルドから離れた後の奮闘を描く物語。
2020:25,2020,25,"恋 憧れる, 結婚 話, 結婚 為る, 婚姻 結ぶ, 不倫",3,恋愛と結婚の葛藤,恋愛に憧れながら結婚を考える中で、不倫の影が交錯する人間関係の複雑さを描く。
2020:26,2020,26,"魔王 討伐, 勇者 力, 地球 帰還, 軈て 魔王, 為る 勇者",1,勇者の帰還と魔王討伐,勇者が魔王を討伐し、地球に帰還する物語。力を得た勇者が、魔王との戦いを経て成長する様子が描かれる。
2020:27,2020,27,"ドラゴン-dragon 達, ドラゴン-dragon, 最強 ドラゴン-dragon, 古 竜, 竜",1,ドラゴンの力と伝説,古代から現代まで、ドラゴンの存在とその力が語られる物語の中で、最強のドラゴンたちの伝説が描かれる。
2020:28,2020,28,"魔王 倒す, 神 殺す, 自称 神, 倒す 勇者, 為る 神",1,神と勇者の対決,自称神が魔王を倒すために勇者と対峙し、神を殺すという壮絶な戦いが繰り広げられる物語。
2020:29,2020,29,"令嬢 エレン, エレン, アンナ, 仕舞う 婚約, 婚約 解消",9,婚約解消の葛藤,令嬢エレンとアンナの婚約解消を巡る葛藤と心情の変化を描いた物語。
2020:32,2020,32,"サバイバル-survival 生活, 人生 遣り直す, 人生 過ごす, 生活 為, 生活 成る",3,サバイバルと人生の再構築,困難な状況を乗り越え、生活を再構築することで、人生をより良く過ごす方法を探る。
2020:34,2020,34,"社員, 職場, オフィス-office, 年下, 金髪 美",2,年下社員との職場恋愛,金髪の美しい年下社員とのオフィスでの恋愛模様を描く物語。
2020:35,2020,35,"無い 母, 子供 居る, 人生 満喫, 運命 言う, シンデレラ-Cinderella ストーリー-story",4,運命と母の不在,母がいない子供が人生を満喫し、運命を受け入れるシンデレラストーリーを描く。
2020:37,2020,37,"王子 奪う, 公爵 令嬢, 王子 婚約, 一 王子, 王子",6,王子と公爵令嬢の婚約,王子が公爵令嬢を奪う物語。婚約を巡る葛藤と恋愛模様が描かれる。
2020:38,2020,38,"猫 成る, 猫 為る, 猫, 鳴く, 様 物語",1,猫の物語とその声,猫が鳴く様子を通じて、猫の存在や性格を描いた物語。猫の視点からの独特な世界観が展開される。
2020:39,2020,39,"為る 弟子, 記憶 蘇る, 魔導 士, 有る 前世, 居る 魔導",1,前世の記憶と魔導士,弟子が前世の記憶を蘇らせ、魔導士としての存在を探求する物語。
2020:42,2020,42,"事 後悔, 幼馴染み 告白, 俺 幼馴染み, 思い出, 自殺",5,幼馴染みとの後悔,幼馴染みへの告白を巡る思い出と後悔が描かれ、自殺という選択がもたらす影響を考察する物語。
2020:44,2020,44,"彼女 幼馴染み, 貴族 娘, 弱小 貴族, 為る 教師, 成る 姉",2,幼馴染みと貴族の葛藤,弱小貴族の娘が教師として成長し、幼馴染みとの関係を通じて自らの立場やアイデンティティを模索する物語。
2020:45,2020,45,"貧乏 男爵, 侯爵 家, 為る 伯母, 令嬢 婚約, 異母",5,貧乏男爵と令嬢の婚約,貧乏男爵の家族と侯爵家の令嬢との婚約を巡る物語。異母兄弟や伯母の影響が絡み合い、複雑な人間関係が展開される。
2020:46,2020,46,"婚約 破棄, 過ぎる 婚約, 突然 婚約, 私-代名詞 婚約, 正妻",6,婚約の破棄とその影響,婚約の突然の破棄がもたらす心理的影響や社会的な立場について考察する。
2020:47,2020,47,"父 再婚, 再婚 為る, 家 次女, 子爵 家, 母 亡くなる",3,再婚と家族の再構築,父の再婚を通じて、次女が新たな家族関係を築く様子と、亡き母の影響を描く物語。
2020:48,2020,48,"妹 奪う, ヒロイン-heroine 妹, 無い 妹, 母 妹, 男爵 家",5,妹とヒロインの葛藤,物語は、男爵家の妹を奪うヒロインの葛藤を描き、母との関係や妹の存在が重要なテーマとなる。
2020:49,2020,49,"転移 者, 旅 出る, 全て 絶望, スキル-skill 俺, 為る 旅",1,絶望の旅路,転移者が旅に出て、全てが絶望的な状況に直面しながらスキルを磨く物語。
2020:50,2020,50,"ゲーム-game 悪役, 私-代名詞 死ぬ, 有る ゲーム-game, ゲーム-game 中, 人生 掛ける",1,ゲームと人生の交差点,ゲーム内の悪役としての自己を通じて、人生の意味や死の概念を探求する物語。
2020:51,2020,51,"男 世界, 人 因る, 居る 人, 男 達, 様 転生",2,男たちの転生と世界,人々が異なる世界で転生し、男たちの存在や役割がどのように変化するかを探る物語。
